date,symbol,router,aggregator,weights,mu,var
2022-09-23,NVDA,risk,precision,{'heur': 1.0},-1.987892427513622,0.0014321960466404933
2022-09-23,MSFT,risk,precision,{'heur': 1.0},-1.722933236692858,0.00032523785118990066
2022-09-23,AAPL,risk,precision,{'heur': 1.0},-1.6051775407958997,0.0004768142433235284
2022-09-23,GOOGL,risk,precision,{'heur': 1.0},-1.7588727955736776,0.00047408281187412594
2022-09-23,AMZN,risk,precision,{'heur': 1.0},-1.7159023900049801,0.0006336893527741104
2022-09-23,META,risk,precision,{'heur': 1.0},-1.7887251619430533,0.0009003639385889876
2022-09-30,NVDA,risk,precision,{'heur': 1.0},-1.566253651329601,0.0011072524823822856
2022-09-30,MSFT,risk,precision,{'heur': 1.0},-1.6973168897625484,0.00030324368069976015
2022-09-30,AAPL,risk,precision,{'heur': 1.0},-1.6646469135308801,0.0005329869735994144
2022-09-30,GOOGL,risk,precision,{'heur': 1.0},-1.7251892988875492,0.0003865223286950366
2022-09-30,AMZN,risk,precision,{'heur': 1.0},-1.6542661368457772,0.0006063898248536535
2022-09-30,META,risk,precision,{'heur': 1.0},-1.8076272530325457,0.000909517287331839
2022-10-07,NVDA,risk,precision,{'heur': 1.0},-1.52573241180768,0.0013116216949778299
2022-10-07,MSFT,risk,precision,{'heur': 1.0},-1.3908889053037747,0.0005213645842478726
2022-10-07,AAPL,risk,precision,{'heur': 1.0},-1.6515683616544117,0.0006768404049359328
2022-10-07,GOOGL,risk,precision,{'heur': 1.0},-1.4093912306402108,0.00046871222926514
2022-10-07,AMZN,risk,precision,{'heur': 1.0},-1.3639448802884462,0.000805181288762127
2022-10-07,META,risk,precision,{'heur': 1.0},-1.531083713829485,0.0009409246954228622
2022-10-14,NVDA,risk,precision,{'heur': 1.0},-1.5591122073045856,0.0011400229876358866
2022-10-14,MSFT,risk,precision,{'heur': 1.0},-1.6544522563369932,0.0004506997386051522
2022-10-14,AAPL,risk,precision,{'heur': 1.0},-1.6551730909743665,0.0005051775981389315
2022-10-14,GOOGL,risk,precision,{'heur': 1.0},-1.3603469863633109,0.0003110200994006169
2022-10-14,AMZN,risk,precision,{'heur': 1.0},-1.7335930429287207,0.0005775777409363238
2022-10-14,META,risk,precision,{'heur': 1.0},-1.8291170566311974,0.0005536610319751005
2022-10-21,NVDA,risk,precision,{'heur': 1.0},-1.2160386934991718,0.0012049425135014986
2022-10-21,MSFT,risk,precision,{'heur': 1.0},-1.0643481143596212,0.0005564319929916155
2022-10-21,AAPL,risk,precision,{'heur': 1.0},-1.084526866796204,0.0005343010892425313
2022-10-21,GOOGL,risk,precision,{'heur': 1.0},-1.0599824556118838,0.0003599805841328216
2022-10-21,AMZN,risk,precision,{'heur': 1.0},-1.046357138432174,0.0008414262015736657
2022-10-21,META,risk,precision,{'heur': 1.0},-1.4502565066078061,0.0007031891578476516
2022-10-28,NVDA,risk,precision,{'heur': 1.0},-0.06805062423375588,0.0013351029364301358
2022-10-28,MSFT,risk,precision,{'heur': 1.0},-1.1262773614096486,0.0009470683528848226
2022-10-28,AAPL,risk,precision,{'heur': 1.0},0.039458101358795974,0.0007526245283068115
2022-10-28,GOOGL,risk,precision,{'heur': 1.0},-1.635968197869881,0.0008614732678272743
2022-10-28,AMZN,risk,precision,{'heur': 1.0},-1.7536726988446414,0.0010820643593531171
2022-10-28,META,risk,precision,{'heur': 1.0},-2.0523618409503257,0.0036248825656248827
2022-11-04,NVDA,risk,precision,{'heur': 1.0},-0.09511509304230129,0.001393124317690937
2022-11-04,MSFT,risk,precision,{'heur': 1.0},-1.7461430725374518,0.0009671465121606298
2022-11-04,AAPL,risk,precision,{'heur': 1.0},-1.6603188650353875,0.0008303847158531843
2022-11-04,GOOGL,risk,precision,{'heur': 1.0},-1.8195202306331975,0.001035595076318149
2022-11-04,AMZN,risk,precision,{'heur': 1.0},-1.9403028587432432,0.0011242183403226444
2022-11-04,META,risk,precision,{'heur': 1.0},-2.1672341359589162,0.003793751681889411
2022-11-11,NVDA,risk,precision,{'heur': 1.0},0.008824291533034594,0.0019658740125673706
2022-11-11,MSFT,risk,precision,{'heur': 1.0},-0.06226142843185131,0.0011581093036118562
2022-11-11,AAPL,risk,precision,{'heur': 1.0},-0.04763417693613177,0.0011664688779938366
2022-11-11,GOOGL,risk,precision,{'heur': 1.0},-1.1814327432319365,0.0013948656741662752
2022-11-11,AMZN,risk,precision,{'heur': 1.0},-1.5889429192410007,0.0020745746557015938
2022-11-11,META,risk,precision,{'heur': 1.0},-1.4221310539779752,0.004809339162590529
2022-11-18,NVDA,risk,precision,{'heur': 1.0},0.13989681979257773,0.0018581203389904243
2022-11-18,MSFT,risk,precision,{'heur': 1.0},-0.07506918211588492,0.001080197557620812
2022-11-18,AAPL,risk,precision,{'heur': 1.0},-0.00944315740637431,0.0010891554339124586
2022-11-18,GOOGL,risk,precision,{'heur': 1.0},-1.141508340461679,0.0013407946592470354
2022-11-18,AMZN,risk,precision,{'heur': 1.0},-1.5571080407789604,0.0017220463792758938
2022-11-18,META,risk,precision,{'heur': 1.0},-1.4056934777227617,0.004690720678159441
2022-11-25,NVDA,risk,precision,{'heur': 1.0},0.17996518546523754,0.0018229059777597036
2022-11-25,MSFT,risk,precision,{'heur': 1.0},-0.0043302204899643496,0.0007207985197138277
2022-11-25,AAPL,risk,precision,{'heur': 1.0},-1.0756773283564338,0.0010691666248010697
2022-11-25,GOOGL,risk,precision,{'heur': 1.0},-1.07342977334951,0.0009307991289934165
2022-11-25,AMZN,risk,precision,{'heur': 1.0},-1.5653624088243294,0.0015884097189274309
2022-11-25,META,risk,precision,{'heur': 1.0},-1.396742217276825,0.004384007016958655
2022-12-02,NVDA,risk,precision,{'heur': 1.0},0.2966115686182867,0.002001234184393608
2022-12-02,MSFT,risk,precision,{'heur': 1.0},0.11097834421659905,0.0007046854471991766
2022-12-02,AAPL,risk,precision,{'heur': 1.0},-0.3291814213401422,0.0008142601829317038
2022-12-02,GOOGL,risk,precision,{'heur': 1.0},0.062458392888516734,0.0007590160687033262
2022-12-02,AMZN,risk,precision,{'heur': 1.0},-1.3677161248349823,0.0012217515452454069
2022-12-02,META,risk,precision,{'heur': 1.0},0.13661890691995687,0.0011993598688964178
2022-12-09,NVDA,risk,precision,{'heur': 1.0},-0.05583903547980727,0.001995591971202636
2022-12-09,MSFT,risk,precision,{'heur': 1.0},-0.2770952981735572,0.0006377739245656763
2022-12-09,AAPL,risk,precision,{'heur': 1.0},-1.5300078846687648,0.0007137535744203207
2022-12-09,GOOGL,risk,precision,{'heur': 1.0},-1.5671849810476346,0.0006787528017397287
2022-12-09,AMZN,risk,precision,{'heur': 1.0},-1.3880561444915662,0.001194609751989417
2022-12-09,META,risk,precision,{'heur': 1.0},-1.0997431101464852,0.0012556066516056068
2022-12-16,NVDA,risk,precision,{'heur': 1.0},-0.18190825200296185,0.00112226218906629
2022-12-16,MSFT,risk,precision,{'heur': 1.0},-1.30857623873655,0.00040468493271640903
2022-12-16,AAPL,risk,precision,{'heur': 1.0},-1.660531905433079,0.00041885207729114386
2022-12-16,GOOGL,risk,precision,{'heur': 1.0},-1.6787417053684024,0.0004396372683605068
2022-12-16,AMZN,risk,precision,{'heur': 1.0},-1.4646101897453996,0.00040120784228026344
2022-12-16,META,risk,precision,{'heur': 1.0},-1.108888743563741,0.0009400275864289174
2022-12-23,NVDA,risk,precision,{'heur': 1.0},-1.5115865890880895,0.0012429526841686793
2022-12-23,MSFT,risk,precision,{'heur': 1.0},-1.5636997922130038,0.0004444488202068668
2022-12-23,AAPL,risk,precision,{'heur': 1.0},-1.7007829184752206,0.00042447476936609177
2022-12-23,GOOGL,risk,precision,{'heur': 1.0},-1.6810177197427132,0.0004502024199200104
2022-12-23,AMZN,risk,precision,{'heur': 1.0},-1.7610734365829743,0.0004957665752102376
2022-12-23,META,risk,precision,{'heur': 1.0},-1.0920695440821275,0.001059970681278029
2022-12-30,NVDA,risk,precision,{'heur': 1.0},-1.563884364749381,0.0011549375373456983
2022-12-30,MSFT,risk,precision,{'heur': 1.0},-1.3664556865007915,0.00026751735618946
2022-12-30,AAPL,risk,precision,{'heur': 1.0},-1.66373413555374,0.00033033746313394454
2022-12-30,GOOGL,risk,precision,{'heur': 1.0},-1.6941855747004175,0.00029836918548172524
2022-12-30,AMZN,risk,precision,{'heur': 1.0},-1.7884303414995273,0.00044285761310146733
2022-12-30,META,risk,precision,{'heur': 1.0},-0.09954364330941466,0.000814215379202843
2023-01-06,NVDA,risk,precision,{'heur': 1.0},-1.3493056503953011,0.0012948602667491216
2023-01-06,MSFT,risk,precision,{'heur': 1.0},-1.6553349638573271,0.00036768338895230493
2023-01-06,AAPL,risk,precision,{'heur': 1.0},-1.6707766753528845,0.0004605388079774281
2023-01-06,GOOGL,risk,precision,{'heur': 1.0},-1.7100856837288,0.00032103395038851347
2023-01-06,AMZN,risk,precision,{'heur': 1.0},-1.2104262891865551,0.0004859597739227201
2023-01-06,META,risk,precision,{'heur': 1.0},0.03565301314484738,0.0006046788918196868
2023-01-13,NVDA,risk,precision,{'heur': 1.0},0.1036824772028328,0.0012102518234160418
2023-01-13,MSFT,risk,precision,{'heur': 1.0},-1.0797247075751173,0.0003650925503514524
2023-01-13,AAPL,risk,precision,{'heur': 1.0},-1.1279986255036716,0.0004648656383963404
2023-01-13,GOOGL,risk,precision,{'heur': 1.0},-1.1095901172425815,0.0003478519019888758
2023-01-13,AMZN,risk,precision,{'heur': 1.0},-0.04917173034568821,0.0006733146242738308
2023-01-13,META,risk,precision,{'heur': 1.0},-0.09967965324693992,0.0005573053291586985
2023-01-20,NVDA,risk,precision,{'heur': 1.0},1.2644889809239794,0.0014354815953511407
2023-01-20,MSFT,risk,precision,{'heur': 1.0},-0.025508455549824192,0.00039121613662327433
2023-01-20,AAPL,risk,precision,{'heur': 1.0},-0.015833068271328167,0.000351067755403487
2023-01-20,GOOGL,risk,precision,{'heur': 1.0},0.04956024306131514,0.0003704795049972115
2023-01-20,AMZN,risk,precision,{'heur': 1.0},0.0029714100918340827,0.0006281520501516423
2023-01-20,META,risk,precision,{'heur': 1.0},0.1618301805481059,0.00035029514773305233
2023-01-27,NVDA,risk,precision,{'heur': 1.0},1.4480930286909994,0.0009370806098963851
2023-01-27,MSFT,risk,precision,{'heur': 1.0},0.042088677728211635,0.0003961593567716981
2023-01-27,AAPL,risk,precision,{'heur': 1.0},0.07242065712096973,0.0003096021983152084
2023-01-27,GOOGL,risk,precision,{'heur': 1.0},0.10459855774784768,0.00041309147435106156
2023-01-27,AMZN,risk,precision,{'heur': 1.0},0.10845036069643782,0.0005219313251665314
2023-01-27,META,risk,precision,{'heur': 1.0},0.11682696835197086,0.00036876609794119907
2023-02-03,NVDA,risk,precision,{'heur': 1.0},1.6340212784884163,0.001352750603759253
2023-02-03,MSFT,risk,precision,{'heur': 1.0},1.161189306993316,0.00042859515450378925
2023-02-03,AAPL,risk,precision,{'heur': 1.0},1.0064134678850847,0.0002070632839434464
2023-02-03,GOOGL,risk,precision,{'heur': 1.0},0.2197453646568677,0.0006774683573311953
2023-02-03,AMZN,risk,precision,{'heur': 1.0},0.17292873519255691,0.0011438024063517174
2023-02-03,META,risk,precision,{'heur': 1.0},1.5564714467217393,0.0027749237125334544
2023-02-10,NVDA,risk,precision,{'heur': 1.0},2.130955131579886,0.0014286577831039496
2023-02-10,MSFT,risk,precision,{'heur': 1.0},1.1506488764228437,0.0004280205989648899
2023-02-10,AAPL,risk,precision,{'heur': 1.0},1.1442251186268435,0.00022298923860262145
2023-02-10,GOOGL,risk,precision,{'heur': 1.0},-1.2974589896307802,0.0011683669495007837
2023-02-10,AMZN,risk,precision,{'heur': 1.0},-0.29335493415501634,0.000975447137855052
2023-02-10,META,risk,precision,{'heur': 1.0},1.543289636083128,0.00309621652615875
2023-02-17,NVDA,risk,precision,{'heur': 1.0},1.685650390227874,0.0014895938385981787
2023-02-17,MSFT,risk,precision,{'heur': 1.0},0.7975542432895225,0.0004883148686068595
2023-02-17,AAPL,risk,precision,{'heur': 1.0},1.094567931079857,0.0002507992327601682
2023-02-17,GOOGL,risk,precision,{'heur': 1.0},-1.3745621779176846,0.001184814668338548
2023-02-17,AMZN,risk,precision,{'heur': 1.0},-1.3444370358309352,0.0009662494916516623
2023-02-17,META,risk,precision,{'heur': 1.0},1.1223143180502357,0.003137917121423204
2023-02-24,NVDA,risk,precision,{'heur': 1.0},1.6951077490130955,0.0021086556211677883
2023-02-24,MSFT,risk,precision,{'heur': 1.0},-1.2926647692688882,0.0004994339267349183
2023-02-24,AAPL,risk,precision,{'heur': 1.0},-0.3126400596729394,0.00028482596341484367
2023-02-24,GOOGL,risk,precision,{'heur': 1.0},-1.6587045350429852,0.001025014941159943
2023-02-24,AMZN,risk,precision,{'heur': 1.0},-1.6087751101233683,0.0009587166044673117
2023-02-24,META,risk,precision,{'heur': 1.0},1.0723589016310757,0.003134604857687994
2023-03-03,NVDA,risk,precision,{'heur': 1.0},1.6577409569183017,0.0017388976566784307
2023-03-03,MSFT,risk,precision,{'heur': 1.0},-0.3108092729873435,0.00043213672288555004
2023-03-03,AAPL,risk,precision,{'heur': 1.0},0.722763918285285,0.0003128697240713738
2023-03-03,GOOGL,risk,precision,{'heur': 1.0},-1.4445035715043528,0.0009513308894897103
2023-03-03,AMZN,risk,precision,{'heur': 1.0},-1.462692521676147,0.0008765261463144267
2023-03-03,META,risk,precision,{'heur': 1.0},1.1091236276185195,0.0031517703376461263
2023-03-10,NVDA,risk,precision,{'heur': 1.0},1.5772024217693277,0.0017043604581353387
2023-03-10,MSFT,risk,precision,{'heur': 1.0},-1.5697888637796755,0.00021417978496655895
2023-03-10,AAPL,risk,precision,{'heur': 1.0},-0.3142088266272593,0.00021963101574281962
2023-03-10,GOOGL,risk,precision,{'heur': 1.0},-1.6409201525328732,0.00028111284851837246
2023-03-10,AMZN,risk,precision,{'heur': 1.0},-1.633538205393794,0.00025860924989385813
2023-03-10,META,risk,precision,{'heur': 1.0},0.935071569299337,0.0004357169476201303
2023-03-17,NVDA,risk,precision,{'heur': 1.0},2.0305217913244005,0.001632010940808907
2023-03-17,MSFT,risk,precision,{'heur': 1.0},0.8775577795559513,0.0003256263003437501
2023-03-17,AAPL,risk,precision,{'heur': 1.0},1.0238660869563248,0.00022759221726344878
2023-03-17,GOOGL,risk,precision,{'heur': 1.0},0.05389239454406764,0.00034895544870183645
2023-03-17,AMZN,risk,precision,{'heur': 1.0},-0.03536448382700981,0.00037842808052515907
2023-03-17,META,risk,precision,{'heur': 1.0},1.9866455364968154,0.0007413159405829123
2023-03-24,NVDA,risk,precision,{'heur': 1.0},2.1452605601403816,0.0005626846280409314
2023-03-24,MSFT,risk,precision,{'heur': 1.0},1.7675790119220856,0.00028822488146941337
2023-03-24,AAPL,risk,precision,{'heur': 1.0},1.742317493928972,0.000199481622044302
2023-03-24,GOOGL,risk,precision,{'heur': 1.0},1.2131652379121565,0.0003430165208549749
2023-03-24,AMZN,risk,precision,{'heur': 1.0},0.0372287034803185,0.0003556179841066001
2023-03-24,META,risk,precision,{'heur': 1.0},2.141510863373897,0.0007102350643017508
2023-03-31,NVDA,risk,precision,{'heur': 1.0},2.147569969837847,0.0004890070869588387
2023-03-31,MSFT,risk,precision,{'heur': 1.0},1.8398262630035753,0.000261781959704884
2023-03-31,AAPL,risk,precision,{'heur': 1.0},1.850947521364747,0.00018879597867085216
2023-03-31,GOOGL,risk,precision,{'heur': 1.0},1.1818781633654452,0.0004131599461415303
2023-03-31,AMZN,risk,precision,{'heur': 1.0},0.17759305041253634,0.00034386911759071035
2023-03-31,META,risk,precision,{'heur': 1.0},1.9924505155949752,0.0007061429053312006
2023-04-14,NVDA,risk,precision,{'heur': 1.0},1.8538875838184363,0.0003480891796603425
2023-04-14,MSFT,risk,precision,{'heur': 1.0},1.485656934436881,0.0002855472416372371
2023-04-14,AAPL,risk,precision,{'heur': 1.0},1.4968681016340804,0.00016478335873621383
2023-04-14,GOOGL,risk,precision,{'heur': 1.0},1.204460822726296,0.00040066805527077734
2023-04-14,AMZN,risk,precision,{'heur': 1.0},-0.24138582007009998,0.00043315501042207576
2023-04-14,META,risk,precision,{'heur': 1.0},1.5786684034305734,0.000361712989435179
2023-04-21,NVDA,risk,precision,{'heur': 1.0},1.7269858838224104,0.0002907809281181168
2023-04-21,MSFT,risk,precision,{'heur': 1.0},1.450121995174428,0.00017658608196053976
2023-04-21,AAPL,risk,precision,{'heur': 1.0},1.4410491248417192,0.00014396950681472997
2023-04-21,GOOGL,risk,precision,{'heur': 1.0},0.7428533871535523,0.0003075463729174357
2023-04-21,AMZN,risk,precision,{'heur': 1.0},0.09125827055305934,0.00033928327763094944
2023-04-21,META,risk,precision,{'heur': 1.0},1.671905991238836,0.00019823213325613408
2023-04-28,NVDA,risk,precision,{'heur': 1.0},1.6438627660270233,0.00031735904641791484
2023-04-28,MSFT,risk,precision,{'heur': 1.0},1.8233245934470579,0.0004573269728465783
2023-04-28,AAPL,risk,precision,{'heur': 1.0},1.432398872849535,0.00015564205040135212
2023-04-28,GOOGL,risk,precision,{'heur': 1.0},0.7906796173799835,0.0003181874618383288
2023-04-28,AMZN,risk,precision,{'heur': 1.0},0.023701555454565475,0.0005697224893515608
2023-04-28,META,risk,precision,{'heur': 1.0},1.9108507728865782,0.0010747861540408568
2023-05-05,NVDA,risk,precision,{'heur': 1.0},1.9761349495961507,0.0004594378003127232
2023-05-05,MSFT,risk,precision,{'heur': 1.0},1.817342602533881,0.0004511460959073869
2023-05-05,AAPL,risk,precision,{'heur': 1.0},1.7246252186943667,0.0002462701895084304
2023-05-05,GOOGL,risk,precision,{'heur': 1.0},0.7275077933607008,0.0003042045967793092
2023-05-05,AMZN,risk,precision,{'heur': 1.0},-0.2514869034058369,0.0005728055465005739
2023-05-05,META,risk,precision,{'heur': 1.0},2.0045873581632936,0.0011081900023928051
2023-05-12,NVDA,risk,precision,{'heur': 1.0},1.6513161343978335,0.0004429809343826416
2023-05-12,MSFT,risk,precision,{'heur': 1.0},1.7768264499572761,0.0003959090801242708
2023-05-12,AAPL,risk,precision,{'heur': 1.0},1.7332275429068968,0.00018593107900721672
2023-05-12,GOOGL,risk,precision,{'heur': 1.0},1.6266118504136353,0.0003553995748335114
2023-05-12,AMZN,risk,precision,{'heur': 1.0},1.1471765251170731,0.0004939825853786348
2023-05-12,META,risk,precision,{'heur': 1.0},1.6721571733879417,0.0010636328934245502
2023-05-19,NVDA,risk,precision,{'heur': 1.0},2.0679337720518576,0.0005281513259914863
2023-05-19,MSFT,risk,precision,{'heur': 1.0},1.6388853694291377,0.00037833257544286555
2023-05-19,AAPL,risk,precision,{'heur': 1.0},1.7281050042456856,0.00018723231918142702
2023-05-19,GOOGL,risk,precision,{'heur': 1.0},1.7034028797921232,0.0003136647038036789
2023-05-19,AMZN,risk,precision,{'heur': 1.0},1.2024959332809801,0.0005333935819450542
2023-05-19,META,risk,precision,{'heur': 1.0},1.8699656039824335,0.0010503334369297702
2023-05-26,NVDA,risk,precision,{'heur': 1.0},2.130964272598369,0.003149678984854637
2023-05-26,MSFT,risk,precision,{'heur': 1.0},1.6751357229879404,0.00015845532203210603
2023-05-26,AAPL,risk,precision,{'heur': 1.0},1.435104772906992,0.00016493673790477767
2023-05-26,GOOGL,risk,precision,{'heur': 1.0},1.738830080959686,0.0003004509724872747
2023-05-26,AMZN,risk,precision,{'heur': 1.0},1.2314063270532705,0.00043219400699518763
2023-05-26,META,risk,precision,{'heur': 1.0},1.9212139232783039,0.00017110880064477894
2023-06-02,NVDA,risk,precision,{'heur': 1.0},2.204632204989565,0.003363752123072477
2023-06-02,MSFT,risk,precision,{'heur': 1.0},1.6715341710873255,0.0001656687514304537
2023-06-02,AAPL,risk,precision,{'heur': 1.0},1.5847865520184465,0.00016680825377806793
2023-06-02,GOOGL,risk,precision,{'heur': 1.0},1.631968256956035,0.00027896132691401267
2023-06-02,AMZN,risk,precision,{'heur': 1.0},1.744821579965743,0.0002649448645259509
2023-06-02,META,risk,precision,{'heur': 1.0},1.8306729761262468,0.00016587073387396811
2023-06-09,NVDA,risk,precision,{'heur': 1.0},2.3702626721437605,0.0034231433720346527
2023-06-09,MSFT,risk,precision,{'heur': 1.0},1.5238844624027232,0.000203218511811191
2023-06-09,AAPL,risk,precision,{'heur': 1.0},1.7735827324919453,7.060564576139208e-05
2023-06-09,GOOGL,risk,precision,{'heur': 1.0},1.5671335235285944,0.0002988595407781836
2023-06-09,AMZN,risk,precision,{'heur': 1.0},1.910294578018033,0.00037358696392636714
2023-06-09,META,risk,precision,{'heur': 1.0},1.821870696430703,0.00020180264068404082
2023-06-16,NVDA,risk,precision,{'heur': 1.0},2.22388307962288,0.003453533429475364
2023-06-16,MSFT,risk,precision,{'heur': 1.0},1.8180382683317171,0.00026314765192224035
2023-06-16,AAPL,risk,precision,{'heur': 1.0},1.5865292046748782,8.231594733901867e-05
2023-06-16,GOOGL,risk,precision,{'heur': 1.0},1.4478201395202857,0.00019998473984360077
2023-06-16,AMZN,risk,precision,{'heur': 1.0},1.5351243445197855,0.0003594336773224765
2023-06-16,META,risk,precision,{'heur': 1.0},1.9211730679857781,0.00022124133235294584
2023-06-23,NVDA,risk,precision,{'heur': 1.0},2.071821128000661,0.003426524509399775
2023-06-23,MSFT,risk,precision,{'heur': 1.0},1.4924943445487595,0.00028424050612240495
2023-06-23,AAPL,risk,precision,{'heur': 1.0},1.6125615481524926,6.951518693675529e-05
2023-06-23,GOOGL,risk,precision,{'heur': 1.0},1.411791560989327,0.0001980441958400561
2023-06-23,AMZN,risk,precision,{'heur': 1.0},1.6097224487726969,0.00039301111076224076
2023-06-23,META,risk,precision,{'heur': 1.0},1.944381149599152,0.0002159031191845248
2023-06-30,NVDA,risk,precision,{'heur': 1.0},1.9277530218598882,0.0006804417238396797
2023-06-30,MSFT,risk,precision,{'heur': 1.0},1.4773922938103752,0.00023692134491550598
2023-06-30,AAPL,risk,precision,{'heur': 1.0},1.6451773225282298,9.205951238491991e-05
2023-06-30,GOOGL,risk,precision,{'heur': 1.0},1.4043557838495904,0.0002266044288869817
2023-06-30,AMZN,risk,precision,{'heur': 1.0},1.56911443055276,0.0003235832285417854
2023-06-30,META,risk,precision,{'heur': 1.0},1.7516516229274801,0.0003129704795720342
2023-07-07,NVDA,risk,precision,{'heur': 1.0},1.9102580196040013,0.0005496489482228306
2023-07-07,MSFT,risk,precision,{'heur': 1.0},1.4507247326970896,0.00024007968402075375
2023-07-07,AAPL,risk,precision,{'heur': 1.0},1.7997184052833481,9.217027821383932e-05
2023-07-07,GOOGL,risk,precision,{'heur': 1.0},1.3477720337026284,0.00022511792825114993
2023-07-07,AMZN,risk,precision,{'heur': 1.0},1.5108658790790896,0.00032294271010400186
2023-07-07,META,risk,precision,{'heur': 1.0},1.7069142606672985,0.00031950547233608017
2023-07-14,NVDA,risk,precision,{'heur': 1.0},2.273741472983173,0.0005505770567234196
2023-07-14,MSFT,risk,precision,{'heur': 1.0},1.4727866556271125,0.00021156325487418473
2023-07-14,AAPL,risk,precision,{'heur': 1.0},1.4611487243708716,8.117352814732541e-05
2023-07-14,GOOGL,risk,precision,{'heur': 1.0},1.7247498253541353,0.00031414060237960174
2023-07-14,AMZN,risk,precision,{'heur': 1.0},1.8458990771120287,0.0002370048968195943
2023-07-14,META,risk,precision,{'heur': 1.0},1.885823834983967,0.0003293459918689961
2023-07-21,NVDA,risk,precision,{'heur': 1.0},1.835260498108923,0.000549823165510873
2023-07-21,MSFT,risk,precision,{'heur': 1.0},1.7771641499930126,0.0002439894525326257
2023-07-21,AAPL,risk,precision,{'heur': 1.0},1.461772233802603,9.488928010209518e-05
2023-07-21,GOOGL,risk,precision,{'heur': 1.0},1.3845388452823053,0.00032168619103722733
2023-07-21,AMZN,risk,precision,{'heur': 1.0},1.4907423200330874,0.0003318707975238566
2023-07-21,META,risk,precision,{'heur': 1.0},1.6649615715843007,0.0004423545881464855
2023-07-28,NVDA,risk,precision,{'heur': 1.0},1.929970824065748,0.0004136926559572428
2023-07-28,MSFT,risk,precision,{'heur': 1.0},1.3951153795034654,0.0003187142564146488
2023-07-28,AAPL,risk,precision,{'heur': 1.0},1.4509450590397286,8.07029389852251e-05
2023-07-28,GOOGL,risk,precision,{'heur': 1.0},1.831007576561177,0.00041218450553643775
2023-07-28,AMZN,risk,precision,{'heur': 1.0},1.447160224360693,0.00027452513647226596
2023-07-28,META,risk,precision,{'heur': 1.0},1.7501025737717621,0.00048792328582841164
2023-08-04,NVDA,risk,precision,{'heur': 1.0},1.771207877584721,0.0004948316892475648
2023-08-04,MSFT,risk,precision,{'heur': 1.0},0.11686822490928647,0.0003331085364229595
2023-08-04,AAPL,risk,precision,{'heur': 1.0},0.11680751030889262,0.0001769494250756179
2023-08-04,GOOGL,risk,precision,{'heur': 1.0},1.7681692070674941,0.0004328240850015606
2023-08-04,AMZN,risk,precision,{'heur': 1.0},1.8430648728278782,0.0006180505437334892
2023-08-04,META,risk,precision,{'heur': 1.0},1.5807393023089773,0.0005162214189487278
2023-08-11,NVDA,risk,precision,{'heur': 1.0},0.2952679987693997,0.0004966837392044747
2023-08-11,MSFT,risk,precision,{'heur': 1.0},0.07607066111843182,0.00030289338257922263
2023-08-11,AAPL,risk,precision,{'heur': 1.0},0.0667315039139131,0.00018020896984354134
2023-08-11,GOOGL,risk,precision,{'heur': 1.0},1.422913658059278,0.0003260396503491518
2023-08-11,AMZN,risk,precision,{'heur': 1.0},1.7697213623356183,0.0005941518207514833
2023-08-11,META,risk,precision,{'heur': 1.0},1.4740246157009962,0.0004908343585413776
2023-08-18,NVDA,risk,precision,{'heur': 1.0},1.5406698077240095,0.0006677344889315164
2023-08-18,MSFT,risk,precision,{'heur': 1.0},0.03901711070020696,0.00019060937644491103
2023-08-18,AAPL,risk,precision,{'heur': 1.0},0.021190719159712122,0.00016781995766790723
2023-08-18,GOOGL,risk,precision,{'heur': 1.0},1.411695040887127,0.00031723853234040403
2023-08-18,AMZN,risk,precision,{'heur': 1.0},1.4101572181849098,0.0005481625393027562
2023-08-18,META,risk,precision,{'heur': 1.0},0.18359126740605256,0.0004763929113983422
2023-08-25,NVDA,risk,precision,{'heur': 1.0},1.8113169314696353,0.001076223923889968
2023-08-25,MSFT,risk,precision,{'heur': 1.0},0.6107447894498722,0.00014819668272447492
2023-08-25,AAPL,risk,precision,{'heur': 1.0},0.3658472846270141,0.00024293999326934526
2023-08-25,GOOGL,risk,precision,{'heur': 1.0},1.3808934851478143,0.0002058713642728399
2023-08-25,AMZN,risk,precision,{'heur': 1.0},1.4460683721325627,0.0005918415012550384
2023-08-25,META,risk,precision,{'heur': 1.0},0.16392305302288784,0.0004066397576096053
2023-09-01,NVDA,risk,precision,{'heur': 1.0},1.9082723560092856,0.0010409967365904635
2023-09-01,MSFT,risk,precision,{'heur': 1.0},1.6334453208695563,9.640221162095367e-05
2023-09-01,AAPL,risk,precision,{'heur': 1.0},1.636882855477862,0.00028069878261810234
2023-09-01,GOOGL,risk,precision,{'heur': 1.0},1.7440006159216996,0.00018153774363898801
2023-09-01,AMZN,risk,precision,{'heur': 1.0},1.7601604855573545,0.0005147273973535001
2023-09-01,META,risk,precision,{'heur': 1.0},1.663346573347396,0.00030865093954078837
2023-09-08,NVDA,risk,precision,{'heur': 1.0},1.5568888961011977,0.0009812301305584443
2023-09-08,MSFT,risk,precision,{'heur': 1.0},1.6886641130435736,9.926838739890225e-05
2023-09-08,AAPL,risk,precision,{'heur': 1.0},0.4078815580607413,0.00025264194734465553
2023-09-08,GOOGL,risk,precision,{'heur': 1.0},1.7585414409821385,0.00014776762645689415
2023-09-08,AMZN,risk,precision,{'heur': 1.0},1.7147356781899006,0.00017269370680148886
2023-09-08,META,risk,precision,{'heur': 1.0},1.7146768623061632,0.00026649172264892024
2023-09-15,NVDA,risk,precision,{'heur': 1.0},0.20223718182122682,0.0007548231771248448
2023-09-15,MSFT,risk,precision,{'heur': 1.0},1.6229492185060665,0.00015710754518825278
2023-09-15,AAPL,risk,precision,{'heur': 1.0},0.06850753279064448,0.00026908369666481556
2023-09-15,GOOGL,risk,precision,{'heur': 1.0},1.748617650405659,0.0001427597127039229
2023-09-15,AMZN,risk,precision,{'heur': 1.0},1.726707612256036,0.0002642533249641545
2023-09-15,META,risk,precision,{'heur': 1.0},1.6984389469388703,0.00037220816207629576
2023-09-22,NVDA,risk,precision,{'heur': 1.0},0.048789054692245336,0.0003741339559564917
2023-09-22,MSFT,risk,precision,{'heur': 1.0},0.05856094797592204,0.00016000749977860678
2023-09-22,AAPL,risk,precision,{'heur': 1.0},0.03954099401821555,0.00026678091392921767
2023-09-22,GOOGL,risk,precision,{'heur': 1.0},0.1364726810370775,0.00017483519408273524
2023-09-22,AMZN,risk,precision,{'heur': 1.0},0.0836417295733497,0.0003738713591808719
2023-09-22,META,risk,precision,{'heur': 1.0},1.3831859187560722,0.00030135740847051363
2023-09-29,NVDA,risk,precision,{'heur': 1.0},0.2792835166345318,0.0002743403562198077
2023-09-29,MSFT,risk,precision,{'heur': 1.0},0.03816468044123041,0.0001374479296849002
2023-09-29,AAPL,risk,precision,{'heur': 1.0},-1.036526143244693,0.0001966024740613234
2023-09-29,GOOGL,risk,precision,{'heur': 1.0},1.340787955494963,0.00015563648569185865
2023-09-29,AMZN,risk,precision,{'heur': 1.0},0.05232508657379373,0.00041857660347439875
2023-09-29,META,risk,precision,{'heur': 1.0},1.3872517280822785,0.00024782405843267103
2023-10-06,NVDA,risk,precision,{'heur': 1.0},1.7138198960048188,0.0003628109070056772
2023-10-06,MSFT,risk,precision,{'heur': 1.0},1.591620549375525,0.00022382862910378493
2023-10-06,AAPL,risk,precision,{'heur': 1.0},0.574186466678987,0.000135270471462125
2023-10-06,GOOGL,risk,precision,{'heur': 1.0},1.7222440059117798,0.00023070907697627863
2023-10-06,AMZN,risk,precision,{'heur': 1.0},0.05454597980186418,0.00047906775080255474
2023-10-06,META,risk,precision,{'heur': 1.0},1.7334548422918816,0.00034719477049485005
2023-10-13,NVDA,risk,precision,{'heur': 1.0},1.6722894856856456,0.00042383004512762374
2023-10-13,MSFT,risk,precision,{'heur': 1.0},1.5568534592458843,0.00019637061954313312
2023-10-13,AAPL,risk,precision,{'heur': 1.0},1.5832403582015333,0.00012003048038013
2023-10-13,GOOGL,risk,precision,{'heur': 1.0},1.6647616277363129,0.00024191118432246453
2023-10-13,AMZN,risk,precision,{'heur': 1.0},0.5143405525410154,0.0004010843015537452
2023-10-13,META,risk,precision,{'heur': 1.0},1.6594316920063248,0.0003296968724781031
2023-10-20,NVDA,risk,precision,{'heur': 1.0},0.13273707585429687,0.00047738929236141247
2023-10-20,MSFT,risk,precision,{'heur': 1.0},1.606555255517651,0.00015940137999391693
2023-10-20,AAPL,risk,precision,{'heur': 1.0},0.046425962598683125,9.745857085271358e-05
2023-10-20,GOOGL,risk,precision,{'heur': 1.0},1.41705460927073,0.00018515136418458265
2023-10-20,AMZN,risk,precision,{'heur': 1.0},0.3653487083487254,0.0003443705127447433
2023-10-20,META,risk,precision,{'heur': 1.0},1.4159529685127519,0.0002935581873770861
2023-10-27,NVDA,risk,precision,{'heur': 1.0},0.02909403131718173,0.000668027285751049
2023-10-27,MSFT,risk,precision,{'heur': 1.0},1.6347631364146606,0.00025887602272653306
2023-10-27,AAPL,risk,precision,{'heur': 1.0},-0.9882782925604378,0.00010458567027171842
2023-10-27,GOOGL,risk,precision,{'heur': 1.0},-0.009283130860702555,0.0006381597987702185
2023-10-27,AMZN,risk,precision,{'heur': 1.0},0.29841884033184185,0.0006690521535561573
2023-10-27,META,risk,precision,{'heur': 1.0},0.06100867870024131,0.00047975774978708803
2023-11-03,NVDA,risk,precision,{'heur': 1.0},1.6602682628411927,0.0007564464930724207
2023-11-03,MSFT,risk,precision,{'heur': 1.0},1.7319662527993027,0.00023431213813489968
2023-11-03,AAPL,risk,precision,{'heur': 1.0},1.595554843256445,0.00013324968511016966
2023-11-03,GOOGL,risk,precision,{'heur': 1.0},0.260321562240582,0.0006259085707032023
2023-11-03,AMZN,risk,precision,{'heur': 1.0},1.6999424004179504,0.0006599973815949878
2023-11-03,META,risk,precision,{'heur': 1.0},1.3564245628629297,0.0005053649205222075
2023-11-10,NVDA,risk,precision,{'heur': 1.0},1.7521586595186025,0.000758327437094743
2023-11-10,MSFT,risk,precision,{'heur': 1.0},1.5840545666035315,0.00023411423823075042
2023-11-10,AAPL,risk,precision,{'heur': 1.0},1.6472794850289285,0.00016146400425896384
2023-11-10,GOOGL,risk,precision,{'heur': 1.0},1.5574524651911552,0.0006148445280721284
2023-11-10,AMZN,risk,precision,{'heur': 1.0},1.7050539762651544,0.0006862838303859603
2023-11-10,META,risk,precision,{'heur': 1.0},1.685646385048719,0.00045196157240858973
2023-11-17,NVDA,risk,precision,{'heur': 1.0},1.8405599839705127,0.0004944027944109746
2023-11-17,MSFT,risk,precision,{'heur': 1.0},1.7839533869601023,0.0002514231412678459
2023-11-17,AAPL,risk,precision,{'heur': 1.0},1.5107392919910696,0.00015488546398844804
2023-11-17,GOOGL,risk,precision,{'heur': 1.0},1.5986882201073491,0.0006266395624590279
2023-11-17,AMZN,risk,precision,{'heur': 1.0},1.764623116170272,0.000645459683717154
2023-11-17,META,risk,precision,{'heur': 1.0},1.7693597166990591,0.00037095959160334056
2023-11-24,NVDA,risk,precision,{'heur': 1.0},1.7652214938007884,0.0003968538167381147
2023-11-24,MSFT,risk,precision,{'heur': 1.0},1.7853081272945581,0.00023069543482872015
2023-11-24,AAPL,risk,precision,{'heur': 1.0},1.7334942793214985,0.00013099862236241145
2023-11-24,GOOGL,risk,precision,{'heur': 1.0},1.706913284272666,0.0001468287016442278
2023-11-24,AMZN,risk,precision,{'heur': 1.0},1.854318320877985,0.00042228817862725903
2023-11-24,META,risk,precision,{'heur': 1.0},1.8339543424467868,0.0002630089181695697
2023-12-01,NVDA,risk,precision,{'heur': 1.0},1.3888504422056027,0.00031770563872377336
2023-12-01,MSFT,risk,precision,{'heur': 1.0},1.4463676977379636,0.00013398697586696075
2023-12-01,AAPL,risk,precision,{'heur': 1.0},1.3953254985315178,8.194494341009446e-05
2023-12-01,GOOGL,risk,precision,{'heur': 1.0},0.12353461879291294,0.00012136361335319972
2023-12-01,AMZN,risk,precision,{'heur': 1.0},1.4104662202139795,0.00014290772471787304
2023-12-01,META,risk,precision,{'heur': 1.0},1.397138246598367,0.000148891614447751
2023-12-08,NVDA,risk,precision,{'heur': 1.0},1.3562606871797989,0.0003567521396549156
2023-12-08,MSFT,risk,precision,{'heur': 1.0},1.3888889200121768,0.00014758558999691487
2023-12-08,AAPL,risk,precision,{'heur': 1.0},1.5095107484798518,8.32483569367087e-05
2023-12-08,GOOGL,risk,precision,{'heur': 1.0},1.313871760433326,0.0002872164137775639
2023-12-08,AMZN,risk,precision,{'heur': 1.0},1.3635663354800949,0.00016896776543948096
2023-12-08,META,risk,precision,{'heur': 1.0},1.3973394018220184,0.00020749374532886517
2023-12-15,NVDA,risk,precision,{'heur': 1.0},1.6542452959515377,0.0003281939996784146
2023-12-15,MSFT,risk,precision,{'heur': 1.0},1.3614957983238563,0.00014927189002233873
2023-12-15,AAPL,risk,precision,{'heur': 1.0},1.6980997779098426,7.310290755356262e-05
2023-12-15,GOOGL,risk,precision,{'heur': 1.0},0.26291419912607117,0.0002666348484908052
2023-12-15,AMZN,risk,precision,{'heur': 1.0},1.392475031056355,0.00013111279448512348
2023-12-15,META,risk,precision,{'heur': 1.0},1.6682548878073191,0.0002146802415394289
2023-12-22,NVDA,risk,precision,{'heur': 1.0},1.6840645220496016,0.0003567047074269164
2023-12-22,MSFT,risk,precision,{'heur': 1.0},1.3862769981705776,9.110073063825514e-05
2023-12-22,AAPL,risk,precision,{'heur': 1.0},1.3543310985068349,8.121676233926402e-05
2023-12-22,GOOGL,risk,precision,{'heur': 1.0},1.6675293649850753,0.00028684902535448575
2023-12-22,AMZN,risk,precision,{'heur': 1.0},1.7362141248805465,0.00013491049714276627
2023-12-22,META,risk,precision,{'heur': 1.0},1.734446572977047,0.0002526413388181664
2023-12-29,NVDA,risk,precision,{'heur': 1.0},1.6957392896355756,0.0003298347898522644
2023-12-29,MSFT,risk,precision,{'heur': 1.0},1.3876861659479485,8.054871511343688e-05
2023-12-29,AAPL,risk,precision,{'heur': 1.0},1.362123081587507,7.854388652497471e-05
2023-12-29,GOOGL,risk,precision,{'heur': 1.0},1.6704468075591008,0.00026580358854880177
2023-12-29,AMZN,risk,precision,{'heur': 1.0},1.4355910483314733,0.000136191724961223
2023-12-29,META,risk,precision,{'heur': 1.0},1.7597249001019133,0.0002192042660312705
2024-01-05,NVDA,risk,precision,{'heur': 1.0},1.399438760249106,0.00029653217326132365
2024-01-05,MSFT,risk,precision,{'heur': 1.0},1.3635366332920937,7.11523228357491e-05
2024-01-05,AAPL,risk,precision,{'heur': 1.0},0.041921888298465576,0.0001157465532180027
2024-01-05,GOOGL,risk,precision,{'heur': 1.0},1.339523343376432,0.00024472822645199593
2024-01-05,AMZN,risk,precision,{'heur': 1.0},1.1638351666528306,0.00016547024524802222
2024-01-05,META,risk,precision,{'heur': 1.0},1.4818435218730013,0.00021530020600496529
2024-01-12,NVDA,risk,precision,{'heur': 1.0},1.6184115816383502,0.00039118147232142817
2024-01-12,MSFT,risk,precision,{'heur': 1.0},1.7226784305620524,9.263599030216767e-05
2024-01-12,AAPL,risk,precision,{'heur': 1.0},0.05810617683767473,0.0001315130020808335
2024-01-12,GOOGL,risk,precision,{'heur': 1.0},1.690626741542713,0.00011434930288046284
2024-01-12,AMZN,risk,precision,{'heur': 1.0},1.7279468320467406,0.00018584542276908923
2024-01-12,META,risk,precision,{'heur': 1.0},1.596758387790062,0.00018004839623235263
2024-01-19,NVDA,risk,precision,{'heur': 1.0},1.6779384350700135,0.0004761933735398606
2024-01-19,MSFT,risk,precision,{'heur': 1.0},1.5724771932363757,6.470099535686448e-05
2024-01-19,AAPL,risk,precision,{'heur': 1.0},1.606306155289607,0.0001913865813061064
2024-01-19,GOOGL,risk,precision,{'heur': 1.0},1.7210386972831222,0.00011548996251291759
2024-01-19,AMZN,risk,precision,{'heur': 1.0},1.7198927850126269,0.00015333001002446368
2024-01-19,META,risk,precision,{'heur': 1.0},1.6218371455692946,0.00019822665469611017
2024-01-26,NVDA,risk,precision,{'heur': 1.0},1.8514476000876632,0.00040337488798249105
2024-01-26,MSFT,risk,precision,{'heur': 1.0},1.5808403542759255,6.531615339660259e-05
2024-01-26,AAPL,risk,precision,{'heur': 1.0},1.6395013471328885,0.0001976511131415589
2024-01-26,GOOGL,risk,precision,{'heur': 1.0},1.5782731095326148,0.00012474458164698303
2024-01-26,AMZN,risk,precision,{'heur': 1.0},1.7973068451429395,0.00014796911934401223
2024-01-26,META,risk,precision,{'heur': 1.0},1.6676638124364283,0.00019175184906035882
2024-02-02,NVDA,risk,precision,{'heur': 1.0},1.9580866951673508,0.00040407244845701914
2024-02-02,MSFT,risk,precision,{'heur': 1.0},1.8131805094905016,0.00011836010411385501
2024-02-02,AAPL,risk,precision,{'heur': 1.0},0.1220670839454195,0.0001770856473323173
2024-02-02,GOOGL,risk,precision,{'heur': 1.0},1.3747605829844998,0.0004248799924862611
2024-02-02,AMZN,risk,precision,{'heur': 1.0},1.6840490245302577,0.00047054578187470897
2024-02-02,META,risk,precision,{'heur': 1.0},1.9089444860425486,0.002022345266197923
2024-02-09,NVDA,risk,precision,{'heur': 1.0},1.9260795179153158,0.0004289281701285581
2024-02-09,MSFT,risk,precision,{'heur': 1.0},1.5957627663240583,0.00012854160622998586
2024-02-09,AAPL,risk,precision,{'heur': 1.0},1.3275082509544955,0.00014778733485237638
2024-02-09,GOOGL,risk,precision,{'heur': 1.0},1.4035835984055902,0.00039319539872527376
2024-02-09,AMZN,risk,precision,{'heur': 1.0},1.641787597143653,0.00043649312160348584
2024-02-09,META,risk,precision,{'heur': 1.0},1.879102471739658,0.0021615349027421524
2024-02-16,NVDA,risk,precision,{'heur': 1.0},1.9427388978397437,0.0004583818097368593
2024-02-16,MSFT,risk,precision,{'heur': 1.0},1.3965306575681509,0.00017465373146724995
2024-02-16,AAPL,risk,precision,{'heur': 1.0},0.055496139986253926,9.866100864008493e-05
2024-02-16,GOOGL,risk,precision,{'heur': 1.0},0.09240587189957722,0.0004404777534435276
2024-02-16,AMZN,risk,precision,{'heur': 1.0},1.49457460616049,0.00047312768389599474
2024-02-16,META,risk,precision,{'heur': 1.0},2.0745936647953496,0.0022257495225365006
2024-02-23,NVDA,risk,precision,{'heur': 1.0},1.9748501221188817,0.0017926702954419742
2024-02-23,MSFT,risk,precision,{'heur': 1.0},1.390132170325195,0.00018934745611329533
2024-02-23,AAPL,risk,precision,{'heur': 1.0},0.019461152617253653,8.289465721845512e-05
2024-02-23,GOOGL,risk,precision,{'heur': 1.0},1.286881302099546,0.00042142286119467456
2024-02-23,AMZN,risk,precision,{'heur': 1.0},1.5217881635274657,0.0005327590360673356
2024-02-23,META,risk,precision,{'heur': 1.0},1.5624389888295034,0.0022866765365038852
2024-03-01,NVDA,risk,precision,{'heur': 1.0},2.0809949501609117,0.001790605347598756
2024-03-01,MSFT,risk,precision,{'heur': 1.0},1.4147584729629226,0.00015025329180809048
2024-03-01,AAPL,risk,precision,{'heur': 1.0},-0.9582604894263307,5.913319140643898e-05
2024-03-01,GOOGL,risk,precision,{'heur': 1.0},0.07402079521431257,0.00024094323275865927
2024-03-01,AMZN,risk,precision,{'heur': 1.0},1.8573825514999138,0.0004900114742957712
2024-03-01,META,risk,precision,{'heur': 1.0},1.649395181895917,0.002239078800233033
2024-03-08,NVDA,risk,precision,{'heur': 1.0},2.3294597475283467,0.0019338359022337585
2024-03-08,MSFT,risk,precision,{'heur': 1.0},1.3540729606150206,0.0001562700124375012
2024-03-08,AAPL,risk,precision,{'heur': 1.0},-1.0529764863255346,9.677222420788909e-05
2024-03-08,GOOGL,risk,precision,{'heur': 1.0},0.039238836250475674,0.0002869554651955047
2024-03-08,AMZN,risk,precision,{'heur': 1.0},1.4472290746880676,0.00022534757923524672
2024-03-08,META,risk,precision,{'heur': 1.0},1.725609650692638,0.00030482374707146905
2024-03-15,NVDA,risk,precision,{'heur': 1.0},1.9337429982915653,0.002220972516301183
2024-03-15,MSFT,risk,precision,{'heur': 1.0},1.6878402331539641,0.00019558167620703756
2024-03-15,AAPL,risk,precision,{'heur': 1.0},-1.0266286149278097,0.0001185509358573157
2024-03-15,GOOGL,risk,precision,{'heur': 1.0},1.5855802872662859,0.0003110515856293617
2024-03-15,AMZN,risk,precision,{'heur': 1.0},1.4111775399401079,0.00022654778141158668
2024-03-15,META,risk,precision,{'heur': 1.0},1.5854924992576096,0.00043050996875177285
2024-03-22,NVDA,risk,precision,{'heur': 1.0},1.8791052653542932,0.0007989538157256653
2024-03-22,MSFT,risk,precision,{'heur': 1.0},1.747765380121031,0.00017333754507926764
2024-03-22,AAPL,risk,precision,{'heur': 1.0},-0.7262362688909966,0.0002131096533547196
2024-03-22,GOOGL,risk,precision,{'heur': 1.0},1.685554972474973,0.0003992206244909851
2024-03-22,AMZN,risk,precision,{'heur': 1.0},1.4461181077271128,0.00015843510457884082
2024-03-22,META,risk,precision,{'heur': 1.0},1.6405989596386918,0.00035293532134626044
2024-04-05,NVDA,risk,precision,{'heur': 1.0},1.7892532400105323,0.000821439819189729
2024-04-05,MSFT,risk,precision,{'heur': 1.0},1.4625843312966318,0.00014697702285945138
2024-04-05,AAPL,risk,precision,{'heur': 1.0},-1.2439450772663023,0.00017624348460210766
2024-04-05,GOOGL,risk,precision,{'heur': 1.0},1.8004223075965788,0.00026878647039560194
2024-04-05,AMZN,risk,precision,{'heur': 1.0},1.8418336113434572,0.00016328912501285586
2024-04-05,META,risk,precision,{'heur': 1.0},1.9802555444905237,0.00039735874248013364
2024-04-12,NVDA,risk,precision,{'heur': 1.0},1.6585982373733261,0.0004491252612752384
2024-04-12,MSFT,risk,precision,{'heur': 1.0},1.3894239005925848,0.00011968585451298964
2024-04-12,AAPL,risk,precision,{'heur': 1.0},-0.011389982018801592,0.00026195708557642697
2024-04-12,GOOGL,risk,precision,{'heur': 1.0},1.7665293722265363,0.000284755812890466
2024-04-12,AMZN,risk,precision,{'heur': 1.0},1.788915879790313,0.0001305992128899634
2024-04-12,META,risk,precision,{'heur': 1.0},1.5728675936709873,0.00022713798731849834
2024-04-19,NVDA,risk,precision,{'heur': 1.0},0.17544878896984875,0.0009453000281602053
2024-04-19,MSFT,risk,precision,{'heur': 1.0},0.068255127327116,9.750758706121495e-05
2024-04-19,AAPL,risk,precision,{'heur': 1.0},-1.6562913506338386,0.0002770712554920756
2024-04-19,GOOGL,risk,precision,{'heur': 1.0},1.3596538751798763,0.0001948187721894907
2024-04-19,AMZN,risk,precision,{'heur': 1.0},0.18058165698123388,0.00014287718795336784
2024-04-19,META,risk,precision,{'heur': 1.0},0.23261993501241374,0.0002861740711898411
2024-04-26,NVDA,risk,precision,{'heur': 1.0},1.6000110615824104,0.0013596808956384244
2024-04-26,MSFT,risk,precision,{'heur': 1.0},0.08852730300414438,0.00015112374885772187
2024-04-26,AAPL,risk,precision,{'heur': 1.0},-1.0893814338493246,0.0001902568740094405
2024-04-26,GOOGL,risk,precision,{'heur': 1.0},1.6133283553674844,0.0006866450154725168
2024-04-26,AMZN,risk,precision,{'heur': 1.0},1.413371790302166,0.00024044728335431763
2024-04-26,META,risk,precision,{'heur': 1.0},0.10754146047829474,0.0008518998152477958
2024-05-03,NVDA,risk,precision,{'heur': 1.0},1.9102383106787288,0.0014923061638991058
2024-05-03,MSFT,risk,precision,{'heur': 1.0},0.28318806342495356,0.00023763003171405075
2024-05-03,AAPL,risk,precision,{'heur': 1.0},1.06042819800681,0.00041188028572170643
2024-05-03,GOOGL,risk,precision,{'heur': 1.0},1.8002480370274083,0.0007084700626421191
2024-05-03,AMZN,risk,precision,{'heur': 1.0},1.7036675617906831,0.00036016759530898965
2024-05-03,META,risk,precision,{'heur': 1.0},0.012804329899924433,0.0008761754884064682
2024-05-10,NVDA,risk,precision,{'heur': 1.0},1.804835106996115,0.0014492959300888067
2024-05-10,MSFT,risk,precision,{'heur': 1.0},1.5735281971471051,0.00023332236732145643
2024-05-10,AAPL,risk,precision,{'heur': 1.0},1.0117785950094738,0.0003308051793707295
2024-05-10,GOOGL,risk,precision,{'heur': 1.0},1.7267809746045923,0.0007082166196105012
2024-05-10,AMZN,risk,precision,{'heur': 1.0},1.6559558085433215,0.00032804713350711854
2024-05-10,META,risk,precision,{'heur': 1.0},1.571505410357795,0.0008753083501256167
2024-05-17,NVDA,risk,precision,{'heur': 1.0},1.9030627329189926,0.0013584792859305417
2024-05-17,MSFT,risk,precision,{'heur': 1.0},1.662874979343192,0.0002018655067995207
2024-05-17,AAPL,risk,precision,{'heur': 1.0},0.9291917327214634,0.0002688329015490958
2024-05-17,GOOGL,risk,precision,{'heur': 1.0},1.6496742463506755,0.0006748987426931257
2024-05-17,AMZN,risk,precision,{'heur': 1.0},1.3938611658660993,0.00030463545481191674
2024-05-17,META,risk,precision,{'heur': 1.0},0.578966916689147,0.0008730546314479128
2024-05-24,NVDA,risk,precision,{'heur': 1.0},1.9627487932745051,0.0009324785205859149
2024-05-24,MSFT,risk,precision,{'heur': 1.0},1.7066214074111283,0.0001559455651498946
2024-05-24,AAPL,risk,precision,{'heur': 1.0},1.7123502497367415,0.00030121237026761656
2024-05-24,GOOGL,risk,precision,{'heur': 1.0},1.5459136775739344,0.0006543719710646721
2024-05-24,AMZN,risk,precision,{'heur': 1.0},1.1717581983562726,0.00023223779425687643
2024-05-24,META,risk,precision,{'heur': 1.0},1.7173032169841151,0.00021936319163588016
2024-05-31,NVDA,risk,precision,{'heur': 1.0},2.1987874562006082,0.000942580454955862
2024-05-31,MSFT,risk,precision,{'heur': 1.0},1.3513008122686334,0.0001378152132127556
2024-05-31,AAPL,risk,precision,{'heur': 1.0},1.44261123603522,0.0002453032559069412
2024-05-31,GOOGL,risk,precision,{'heur': 1.0},1.4947859549436167,0.00010769192882986668
2024-05-31,AMZN,risk,precision,{'heur': 1.0},0.10250348897736118,0.00012117796352738082
2024-05-31,META,risk,precision,{'heur': 1.0},0.6720283066962603,0.0001918467657050928
2024-06-07,NVDA,risk,precision,{'heur': 1.0},2.091951806693489,0.0009893789004728002
2024-06-07,MSFT,risk,precision,{'heur': 1.0},1.3634523596735635,0.00011551810737196337
2024-06-07,AAPL,risk,precision,{'heur': 1.0},1.5356027008249102,8.172308187886617e-05
2024-06-07,GOOGL,risk,precision,{'heur': 1.0},1.4985920955734564,8.915218947829554e-05
2024-06-07,AMZN,risk,precision,{'heur': 1.0},1.6369699116820464,9.166289996504195e-05
2024-06-07,META,risk,precision,{'heur': 1.0},1.6957579339923754,0.0002143680089641604
2024-06-14,NVDA,risk,precision,{'heur': 1.0},2.110293224830131,0.0009738515961666744
2024-06-14,MSFT,risk,precision,{'heur': 1.0},1.6874578044289714,0.00012264669651236213
2024-06-14,AAPL,risk,precision,{'heur': 1.0},1.605204605089691,0.0003587235677851696
2024-06-14,GOOGL,risk,precision,{'heur': 1.0},1.4779102675331897,9.768257852739924e-05
2024-06-14,AMZN,risk,precision,{'heur': 1.0},1.637408691141635,0.00010499878977029586
2024-06-14,META,risk,precision,{'heur': 1.0},1.7245380125869598,0.0002007711188214323
2024-06-21,NVDA,risk,precision,{'heur': 1.0},2.265857188593827,0.0011719431832825126
2024-06-21,MSFT,risk,precision,{'heur': 1.0},1.486025491867418,0.00012343136301844207
2024-06-21,AAPL,risk,precision,{'heur': 1.0},1.7542477063880302,0.0004258375278899271
2024-06-21,GOOGL,risk,precision,{'heur': 1.0},1.4450594320096584,0.00011383856318342004
2024-06-21,AMZN,risk,precision,{'heur': 1.0},1.6801093467753774,0.0001223185665307395
2024-06-21,META,risk,precision,{'heur': 1.0},1.6965388552402687,0.0001963264666859617
2024-06-28,NVDA,risk,precision,{'heur': 1.0},1.725288804599685,0.0011194122007901941
2024-06-28,MSFT,risk,precision,{'heur': 1.0},1.6846339576695326,0.00013055185025502263
2024-06-28,AAPL,risk,precision,{'heur': 1.0},1.4933441568674535,0.0004110494367781903
2024-06-28,GOOGL,risk,precision,{'heur': 1.0},1.7596702075809478,0.00014269486218645888
2024-06-28,AMZN,risk,precision,{'heur': 1.0},1.7108243749519019,0.00025123525008423526
2024-06-28,META,risk,precision,{'heur': 1.0},1.7218383644678092,0.00023416826645697146
2024-07-05,NVDA,risk,precision,{'heur': 1.0},1.7963154260694312,0.001049529897615865
2024-07-05,MSFT,risk,precision,{'heur': 1.0},1.5968190575754515,7.880425648332575e-05
2024-07-05,AAPL,risk,precision,{'heur': 1.0},1.7157725309449512,0.00045226713982016934
2024-07-05,GOOGL,risk,precision,{'heur': 1.0},1.6527462564519726,0.00014184977979447795
2024-07-05,AMZN,risk,precision,{'heur': 1.0},1.790082842831592,0.0002451836173807335
2024-07-05,META,risk,precision,{'heur': 1.0},1.6127835387847556,0.00034374782165525516
2024-07-12,NVDA,risk,precision,{'heur': 1.0},1.726566746488926,0.0011582144238182805
2024-07-12,MSFT,risk,precision,{'heur': 1.0},1.38820031204114,0.00012940877532386516
2024-07-12,AAPL,risk,precision,{'heur': 1.0},1.6657411201790768,0.00024310006215311916
2024-07-12,GOOGL,risk,precision,{'heur': 1.0},1.447615187674575,0.00019074295707412542
2024-07-12,AMZN,risk,precision,{'heur': 1.0},1.3714457922201582,0.00026154793500875596
2024-07-12,META,risk,precision,{'heur': 1.0},1.2968024200224217,0.0004309597686944725
2024-07-19,NVDA,risk,precision,{'heur': 1.0},1.2843315513931932,0.0012333353491049252
2024-07-19,MSFT,risk,precision,{'heur': 1.0},0.1247209742794333,0.00012438602408775882
2024-07-19,AAPL,risk,precision,{'heur': 1.0},1.5098372814793015,0.0002623814560200487
2024-07-19,GOOGL,risk,precision,{'heur': 1.0},1.197600615238755,0.000212831120463631
2024-07-19,AMZN,risk,precision,{'heur': 1.0},0.12263820117790869,0.0003136138187772598
2024-07-19,META,risk,precision,{'heur': 1.0},0.052578104515028215,0.0006275477718397973
2024-07-26,NVDA,risk,precision,{'heur': 1.0},0.26370225542565595,0.0010457673119503715
2024-07-26,MSFT,risk,precision,{'heur': 1.0},0.06999510923133537,0.0002261436724416534
2024-07-26,AAPL,risk,precision,{'heur': 1.0},1.4506784079270965,0.00026040663673874357
2024-07-26,GOOGL,risk,precision,{'heur': 1.0},0.046433453882958886,0.00033712382737560373
2024-07-26,AMZN,risk,precision,{'heur': 1.0},0.07855525101659337,0.0002628730900756007
2024-07-26,META,risk,precision,{'heur': 1.0},0.04177373106173535,0.0008038069851333888
2024-08-02,NVDA,risk,precision,{'heur': 1.0},0.12363038884424536,0.002193405425883904
2024-08-02,MSFT,risk,precision,{'heur': 1.0},-0.0010529687078888999,0.0001987951990658211
2024-08-02,AAPL,risk,precision,{'heur': 1.0},1.4278787879751036,0.00021856507296953245
2024-08-02,GOOGL,risk,precision,{'heur': 1.0},0.016459223660445804,0.0003483075396188346
2024-08-02,AMZN,risk,precision,{'heur': 1.0},-1.091905935162152,0.0005670879255434723
2024-08-02,META,risk,precision,{'heur': 1.0},1.6146518446731353,0.0009316450880347152
2024-08-09,NVDA,risk,precision,{'heur': 1.0},0.04665309643691502,0.002517857645794431
2024-08-09,MSFT,risk,precision,{'heur': 1.0},-0.019303772287689543,0.00020909482976350205
2024-08-09,AAPL,risk,precision,{'heur': 1.0},1.3386698332963587,0.0002941153038651605
2024-08-09,GOOGL,risk,precision,{'heur': 1.0},-0.023382390339802724,0.0003787118851993972
2024-08-09,AMZN,risk,precision,{'heur': 1.0},-1.1111955212345388,0.0006429533079020535
2024-08-09,META,risk,precision,{'heur': 1.0},1.6355943933298662,0.0008680998179067234
2024-08-16,NVDA,risk,precision,{'heur': 1.0},1.8253550771470952,0.0027021777764629417
2024-08-16,MSFT,risk,precision,{'heur': 1.0},0.5442045377948921,0.00024359975769131306
2024-08-16,AAPL,risk,precision,{'heur': 1.0},1.7140113380336917,0.00025191820841694284
2024-08-16,GOOGL,risk,precision,{'heur': 1.0},0.2983231403349649,0.00039885571408271087
2024-08-16,AMZN,risk,precision,{'heur': 1.0},0.5302007519829642,0.0007477500221795851
2024-08-16,META,risk,precision,{'heur': 1.0},1.7377317486636117,0.000656177206630213
2024-08-23,NVDA,risk,precision,{'heur': 1.0},1.8937318094647708,0.0025403478188804874
2024-08-23,MSFT,risk,precision,{'heur': 1.0},0.5780660158707361,0.00016874241274983831
2024-08-23,AAPL,risk,precision,{'heur': 1.0},1.7589275114355123,0.00021272849321403605
2024-08-23,GOOGL,risk,precision,{'heur': 1.0},0.5777092615224455,0.00025774841686062916
2024-08-23,AMZN,risk,precision,{'heur': 1.0},0.5510662819758748,0.000710882678614134
2024-08-23,META,risk,precision,{'heur': 1.0},1.8013021312464819,0.00044784668250023467
2024-08-30,NVDA,risk,precision,{'heur': 1.0},1.7519930814152276,0.0015515727128733183
2024-08-30,MSFT,risk,precision,{'heur': 1.0},0.59324080950213,0.00015723447153483214
2024-08-30,AAPL,risk,precision,{'heur': 1.0},1.7591133073292495,0.00019988562072055153
2024-08-30,GOOGL,risk,precision,{'heur': 1.0},0.350730800150356,0.0002551393395413148
2024-08-30,AMZN,risk,precision,{'heur': 1.0},0.5511564252213244,0.0007343528127469516
2024-08-30,META,risk,precision,{'heur': 1.0},1.3833775469566376,0.00032712663919205574
2024-09-06,NVDA,risk,precision,{'heur': 1.0},0.043304369423700216,0.0017047819191923833
2024-09-06,MSFT,risk,precision,{'heur': 1.0},-0.9269330192506784,0.00010610915390450135
2024-09-06,AAPL,risk,precision,{'heur': 1.0},1.4456217244266907,0.00011388765249552409
2024-09-06,GOOGL,risk,precision,{'heur': 1.0},-1.0086159528671292,0.0002748279588293266
2024-09-06,AMZN,risk,precision,{'heur': 1.0},0.39049312895065114,0.0003785916567728664
2024-09-06,META,risk,precision,{'heur': 1.0},0.10743272869210263,0.0002722461545294461
2024-09-13,NVDA,risk,precision,{'heur': 1.0},1.5841046974455424,0.0016374034847955264
2024-09-13,MSFT,risk,precision,{'heur': 1.0},1.6117583741782142,0.00013357398038839542
2024-09-13,AAPL,risk,precision,{'heur': 1.0},1.3551132555227885,8.731562166305252e-05
2024-09-13,GOOGL,risk,precision,{'heur': 1.0},0.23849508595606378,0.0002855078429750002
2024-09-13,AMZN,risk,precision,{'heur': 1.0},1.6790876891840574,0.0004259453388570636
2024-09-13,META,risk,precision,{'heur': 1.0},1.311481078681916,0.00019054880668673186
2024-09-20,NVDA,risk,precision,{'heur': 1.0},1.4760427400670082,0.0015415257283820964
2024-09-20,MSFT,risk,precision,{'heur': 1.0},1.6002725449525412,0.00014897128488077367
2024-09-20,AAPL,risk,precision,{'heur': 1.0},1.6887462616355433,0.000199920907412812
2024-09-20,GOOGL,risk,precision,{'heur': 1.0},1.5495843026848948,0.0002682362191141668
2024-09-20,AMZN,risk,precision,{'heur': 1.0},1.6556009167666277,0.00036619354145852706
2024-09-20,META,risk,precision,{'heur': 1.0},1.5070037041889042,0.00022805138796795684
2024-09-27,NVDA,risk,precision,{'heur': 1.0},1.575578852702664,0.0014547482978670802
2024-09-27,MSFT,risk,precision,{'heur': 1.0},1.6116158410377743,0.00013044617159943837
2024-09-27,AAPL,risk,precision,{'heur': 1.0},1.6782316558235832,0.00019421027078198155
2024-09-27,GOOGL,risk,precision,{'heur': 1.0},1.560203046741336,0.00025670166087454554
2024-09-27,AMZN,risk,precision,{'heur': 1.0},1.6662836925650117,0.0003315045694622163
2024-09-27,META,risk,precision,{'heur': 1.0},1.5571953521887072,0.000202916540503316
2024-10-04,NVDA,risk,precision,{'heur': 1.0},1.7709682966574822,0.00085626722249442
2024-10-04,MSFT,risk,precision,{'heur': 1.0},0.05453429431468267,0.00014015804373938587
2024-10-04,AAPL,risk,precision,{'heur': 1.0},1.6530054709112902,0.000210281158704588
2024-10-04,GOOGL,risk,precision,{'heur': 1.0},1.6069158139622874,0.0001833653970076941
2024-10-04,AMZN,risk,precision,{'heur': 1.0},1.2994926411078556,0.00026988777051278906
2024-10-04,META,risk,precision,{'heur': 1.0},1.6014379019897311,0.00020129484898453778
2024-10-11,NVDA,risk,precision,{'heur': 1.0},1.7977779718455966,0.0004914447869660277
2024-10-11,MSFT,risk,precision,{'heur': 1.0},0.02968110496927625,9.554051305445581e-05
2024-10-11,AAPL,risk,precision,{'heur': 1.0},1.6343918522786696,0.000258824965737572
2024-10-11,GOOGL,risk,precision,{'heur': 1.0},0.2895769402740112,0.00010276022895808972
2024-10-11,AMZN,risk,precision,{'heur': 1.0},1.2884967121753534,0.00017752924459314505
2024-10-11,META,risk,precision,{'heur': 1.0},1.8073790193195756,0.00015692109916642103
2024-10-18,NVDA,risk,precision,{'heur': 1.0},1.9048566983417128,0.0005409689444571257
2024-10-18,MSFT,risk,precision,{'heur': 1.0},0.23297077130946198,6.735848039558479e-05
2024-10-18,AAPL,risk,precision,{'heur': 1.0},1.698129207203103,0.00016577525033365724
2024-10-18,GOOGL,risk,precision,{'heur': 1.0},0.26220327901125623,9.445612279975686e-05
2024-10-18,AMZN,risk,precision,{'heur': 1.0},1.3114879106796924,0.00015751674087347017
2024-10-18,META,risk,precision,{'heur': 1.0},1.4303636596289147,0.00010867749447751741
2024-10-25,NVDA,risk,precision,{'heur': 1.0},1.9158884512686751,0.0005732188078640113
2024-10-25,MSFT,risk,precision,{'heur': 1.0},1.5949173804496575,8.857878790449903e-05
2024-10-25,AAPL,risk,precision,{'heur': 1.0},1.384967582948453,0.00018686467356885818
2024-10-25,GOOGL,risk,precision,{'heur': 1.0},1.287604188565868,0.00010521605984414225
2024-10-25,AMZN,risk,precision,{'heur': 1.0},1.2890330324133132,0.0001827352106712231
2024-10-25,META,risk,precision,{'heur': 1.0},1.4443750127481787,0.0001685164684220812
2024-11-01,NVDA,risk,precision,{'heur': 1.0},1.6032859378586422,0.0005788581469050216
2024-11-01,MSFT,risk,precision,{'heur': 1.0},0.09086346215885557,0.0002520899364375631
2024-11-01,AAPL,risk,precision,{'heur': 1.0},0.13909518789133996,0.000158064095336684
2024-11-01,GOOGL,risk,precision,{'heur': 1.0},1.6552399320268765,0.00016673384826682578
2024-11-01,AMZN,risk,precision,{'heur': 1.0},1.7717745888098042,0.0003923582595464152
2024-11-01,META,risk,precision,{'heur': 1.0},1.3851776736476724,0.0002656849598435001
2024-11-08,NVDA,risk,precision,{'heur': 1.0},1.9169320373581122,0.0006003048617156413
2024-11-08,MSFT,risk,precision,{'heur': 1.0},1.6198283310328194,0.0002647036763924342
2024-11-08,AAPL,risk,precision,{'heur': 1.0},1.3379724310687815,0.00012683989557963114
2024-11-08,GOOGL,risk,precision,{'heur': 1.0},1.7296166139372975,0.0002233932073866409
2024-11-08,AMZN,risk,precision,{'heur': 1.0},1.8121426146145787,0.0003948355353891926
2024-11-08,META,risk,precision,{'heur': 1.0},1.3918016218844467,0.0002951541187013427
2024-11-15,NVDA,risk,precision,{'heur': 1.0},1.4321408132005407,0.0005239662113065199
2024-11-15,MSFT,risk,precision,{'heur': 1.0},0.5699723783881919,0.00031491936449887334
2024-11-15,AAPL,risk,precision,{'heur': 1.0},0.2888642734488609,0.00012659987723015513
2024-11-15,GOOGL,risk,precision,{'heur': 1.0},1.649962061872706,0.00027258513893468135
2024-11-15,AMZN,risk,precision,{'heur': 1.0},1.7254383673135352,0.0005319139088756148
2024-11-15,META,risk,precision,{'heur': 1.0},0.09332215706393909,0.00036166489267087357
2024-11-22,NVDA,risk,precision,{'heur': 1.0},1.3909367092386287,0.0005816824243631482
2024-11-22,MSFT,risk,precision,{'heur': 1.0},0.2688130564298998,0.0002985503317311502
2024-11-22,AAPL,risk,precision,{'heur': 1.0},1.6256534255692816,0.00010684637948164346
2024-11-22,GOOGL,risk,precision,{'heur': 1.0},0.0789982953654335,0.00042749504365496843
2024-11-22,AMZN,risk,precision,{'heur': 1.0},1.397675747610096,0.0005385648402709937
2024-11-22,META,risk,precision,{'heur': 1.0},0.12745448666139247,0.00031877013501207656
2024-11-29,NVDA,risk,precision,{'heur': 1.0},1.3772182738915892,0.0006851923141752452
2024-11-29,MSFT,risk,precision,{'heur': 1.0},1.5763812932109293,0.00031841505235145597
2024-11-29,AAPL,risk,precision,{'heur': 1.0},1.6714636017233442,0.0001063084728327403
2024-11-29,GOOGL,risk,precision,{'heur': 1.0},0.26548032250811293,0.00037407195576710176
2024-11-29,AMZN,risk,precision,{'heur': 1.0},1.4471236366844973,0.0006002143558247821
2024-11-29,META,risk,precision,{'heur': 1.0},1.3372631278090656,0.00029830909142100506
2024-12-06,NVDA,risk,precision,{'heur': 1.0},1.4367187201304952,0.0005131612799013325
2024-12-06,MSFT,risk,precision,{'heur': 1.0},1.6911396584841485,0.00013030039849965121
2024-12-06,AAPL,risk,precision,{'heur': 1.0},1.5544081692821783,7.425372396624022e-05
2024-12-06,GOOGL,risk,precision,{'heur': 1.0},1.3525001071665501,0.0003093176862081966
2024-12-06,AMZN,risk,precision,{'heur': 1.0},1.6353473997861379,0.00034403582905994485
2024-12-06,META,risk,precision,{'heur': 1.0},1.810380699475172,0.0003149513031230583
2024-12-13,NVDA,risk,precision,{'heur': 1.0},0.07210091568752415,0.000579386137371876
2024-12-13,MSFT,risk,precision,{'heur': 1.0},1.6573995434497175,0.00011976314777610506
2024-12-13,AAPL,risk,precision,{'heur': 1.0},1.5768013739931286,5.6013748560746714e-05
2024-12-13,GOOGL,risk,precision,{'heur': 1.0},1.734691247604934,0.0005728415589953124
2024-12-13,AMZN,risk,precision,{'heur': 1.0},1.7771995128340965,0.0003365037235630395
2024-12-13,META,risk,precision,{'heur': 1.0},1.7532638852996527,0.00030846870842442817
2024-12-20,NVDA,risk,precision,{'heur': 1.0},0.30159377112372526,0.00048127555935195346
2024-12-20,MSFT,risk,precision,{'heur': 1.0},1.336151020709993,0.00015479233457383232
2024-12-20,AAPL,risk,precision,{'heur': 1.0},1.5814201405685706,7.758417531947074e-05
2024-12-20,GOOGL,risk,precision,{'heur': 1.0},1.7481133904592554,0.0006406200134260173
2024-12-20,AMZN,risk,precision,{'heur': 1.0},1.482737442896884,0.0003567039233568824
2024-12-20,META,risk,precision,{'heur': 1.0},0.15777584486399499,0.0003105901297742433
2024-12-27,NVDA,risk,precision,{'heur': 1.0},1.6538912458680084,0.0004426955681611934
2024-12-27,MSFT,risk,precision,{'heur': 1.0},0.2916542473415932,0.00015063956972550334
2024-12-27,AAPL,risk,precision,{'heur': 1.0},1.7570867022443646,8.893899101019606e-05
2024-12-27,GOOGL,risk,precision,{'heur': 1.0},1.7934865098944874,0.0004972414848158837
2024-12-27,AMZN,risk,precision,{'heur': 1.0},1.4608509718593927,0.0002986477338881064
2024-12-27,META,risk,precision,{'heur': 1.0},1.3786141785512638,0.00033228472921889416
2025-01-03,NVDA,risk,precision,{'heur': 1.0},1.7045887392827221,0.0005744021335409635
2025-01-03,MSFT,risk,precision,{'heur': 1.0},0.06605227790181598,0.0001481559999575402
2025-01-03,AAPL,risk,precision,{'heur': 1.0},1.3385099888368324,0.00013399523368652812
2025-01-03,GOOGL,risk,precision,{'heur': 1.0},1.4581786001315005,0.0005128012814480731
2025-01-03,AMZN,risk,precision,{'heur': 1.0},1.4504558546545612,0.00030461879515729856
2025-01-03,META,risk,precision,{'heur': 1.0},1.3067718148685459,0.00026360967719596303
2025-01-10,NVDA,risk,precision,{'heur': 1.0},0.5746782921271484,0.0007647479707973713
2025-01-10,MSFT,risk,precision,{'heur': 1.0},0.024594558914554757,0.00014465789885091147
2025-01-10,AAPL,risk,precision,{'heur': 1.0},0.07274114117976774,0.00015525462588856508
2025-01-10,GOOGL,risk,precision,{'heur': 1.0},1.4524196743597726,0.0005410965190737306
2025-01-10,AMZN,risk,precision,{'heur': 1.0},1.3550735337154507,0.0002857584433208403
2025-01-10,META,risk,precision,{'heur': 1.0},1.6359313573036673,0.0003363550084967365
2025-01-17,NVDA,risk,precision,{'heur': 1.0},1.3383396195066184,0.0007748367668817344
2025-01-17,MSFT,risk,precision,{'heur': 1.0},1.25349745069438,0.00017232349553219373
2025-01-17,AAPL,risk,precision,{'heur': 1.0},0.01019305647782286,0.00024116623758852938
2025-01-17,GOOGL,risk,precision,{'heur': 1.0},1.381931113136352,0.0002419035774094599
2025-01-17,AMZN,risk,precision,{'heur': 1.0},1.3842848402698245,0.00029493801941166966
2025-01-17,META,risk,precision,{'heur': 1.0},1.3352951527043535,0.00040474855349871395
2025-01-24,NVDA,risk,precision,{'heur': 1.0},1.6576455440607851,0.0008725435460945468
2025-01-24,MSFT,risk,precision,{'heur': 1.0},1.625777818909606,0.00019187110854890067
2025-01-24,AAPL,risk,precision,{'heur': 1.0},-0.04831512558468995,0.00022321822371573598
2025-01-24,GOOGL,risk,precision,{'heur': 1.0},1.7489035832902933,0.00017049305166432456
2025-01-24,AMZN,risk,precision,{'heur': 1.0},1.7770626050654872,0.00021271890660452488
2025-01-24,META,risk,precision,{'heur': 1.0},1.7891917644047837,0.00034125593888854227
2025-01-31,NVDA,risk,precision,{'heur': 1.0},-0.13005604976027316,0.0027572286628211916
2025-01-31,MSFT,risk,precision,{'heur': 1.0},-0.9586547492811192,0.00042500780057840465
2025-01-31,AAPL,risk,precision,{'heur': 1.0},0.5381621695272993,0.0003525115059744714
2025-01-31,GOOGL,risk,precision,{'heur': 1.0},1.763658627848757,0.0002896595258574689
2025-01-31,AMZN,risk,precision,{'heur': 1.0},1.80396863811199,0.00019037176595426626
2025-01-31,META,risk,precision,{'heur': 1.0},1.6727374745143726,0.00030975851271926666
2025-02-07,NVDA,risk,precision,{'heur': 1.0},0.19746568275346757,0.0025971938461351075
2025-02-07,MSFT,risk,precision,{'heur': 1.0},-0.9434288761805879,0.00041679933210268984
2025-02-07,AAPL,risk,precision,{'heur': 1.0},0.3474301826424481,0.00041679090613784266
2025-02-07,GOOGL,risk,precision,{'heur': 1.0},0.09591590659855359,0.0006062996137676026
2025-02-07,AMZN,risk,precision,{'heur': 1.0},1.4399597458573306,0.0002761767161613574
2025-02-07,META,risk,precision,{'heur': 1.0},1.7087324637016938,0.0001893644940944913
2025-02-14,NVDA,risk,precision,{'heur': 1.0},1.5639982567634305,0.0026048234788839312
2025-02-14,MSFT,risk,precision,{'heur': 1.0},-0.9742737468728072,0.0003761100592776495
2025-02-14,AAPL,risk,precision,{'heur': 1.0},1.6628850171311753,0.000435012479571585
2025-02-14,GOOGL,risk,precision,{'heur': 1.0},0.061893153559617026,0.0005645984301308135
2025-02-14,AMZN,risk,precision,{'heur': 1.0},1.3993875940496319,0.0002667694950187855
2025-02-14,META,risk,precision,{'heur': 1.0},1.6441409350412468,5.8456852153904445e-05
2025-02-21,NVDA,risk,precision,{'heur': 1.0},1.462856040308848,0.0024944667942944283
2025-02-21,MSFT,risk,precision,{'heur': 1.0},-0.7039603197055506,0.0002991094848792873
2025-02-21,AAPL,risk,precision,{'heur': 1.0},1.719792417536734,0.0002795721009382554
2025-02-21,GOOGL,risk,precision,{'heur': 1.0},0.014672151512128303,0.0005644244092047716
2025-02-21,AMZN,risk,precision,{'heur': 1.0},0.07888357346807943,0.00023555011026791254
2025-02-21,META,risk,precision,{'heur': 1.0},1.5237276983310668,0.0001748585778244248
2025-02-28,NVDA,risk,precision,{'heur': 1.0},0.03471934787673751,0.0011245001057563814
2025-02-28,MSFT,risk,precision,{'heur': 1.0},-1.0348064470483038,0.00025794891707806147
2025-02-28,AAPL,risk,precision,{'heur': 1.0},1.6218822759320721,0.0002471992321141174
2025-02-28,GOOGL,risk,precision,{'heur': 1.0},-1.0250974702750721,0.0005028056441583374
2025-02-28,AMZN,risk,precision,{'heur': 1.0},0.04722395645057831,0.0002818009753864366
2025-02-28,META,risk,precision,{'heur': 1.0},1.3999940867444718,0.0002224343438816516
2025-03-07,NVDA,risk,precision,{'heur': 1.0},-1.1045683039509346,0.0014279795198046644
2025-03-07,MSFT,risk,precision,{'heur': 1.0},-1.5984999231444217,0.00016473642822935496
2025-03-07,AAPL,risk,precision,{'heur': 1.0},1.3193629307897268,0.0001900305185563138
2025-03-07,GOOGL,risk,precision,{'heur': 1.0},0.027160103568353817,0.00022226194383916169
2025-03-07,AMZN,risk,precision,{'heur': 1.0},-1.0665319624229082,0.0003367529037609581
2025-03-07,META,risk,precision,{'heur': 1.0},0.02293728455376782,0.0003404832616587618
2025-03-14,NVDA,risk,precision,{'heur': 1.0},0.15390899529925844,0.0018239442090552972
2025-03-14,MSFT,risk,precision,{'heur': 1.0},-1.625561661735105,0.00024725860789650476
2025-03-14,AAPL,risk,precision,{'heur': 1.0},-1.0751586445668593,0.00034709629629037843
2025-03-14,GOOGL,risk,precision,{'heur': 1.0},-1.0387431328189025,0.00033002864921470126
2025-03-14,AMZN,risk,precision,{'heur': 1.0},-1.0832422115770648,0.0003311187940058256
2025-03-14,META,risk,precision,{'heur': 1.0},-0.04878391642362601,0.0005785282767261163
2025-03-21,NVDA,risk,precision,{'heur': 1.0},-0.6241218402946983,0.001783268363262432
2025-03-21,MSFT,risk,precision,{'heur': 1.0},-1.1447745218127152,0.00025454835637898535
2025-03-21,AAPL,risk,precision,{'heur': 1.0},-1.0827602381422854,0.0003407923385195766
2025-03-21,GOOGL,risk,precision,{'heur': 1.0},-0.7858739680185242,0.000357004504117293
2025-03-21,AMZN,risk,precision,{'heur': 1.0},-0.7865562379495988,0.00035005114584312353
2025-03-21,META,risk,precision,{'heur': 1.0},-0.05176785746482301,0.0006148396256500637
2025-03-28,NVDA,risk,precision,{'heur': 1.0},-1.1317122716171917,0.0014808457788148823
2025-03-28,MSFT,risk,precision,{'heur': 1.0},-1.3269595624999013,0.0002648564250160766
2025-03-28,AAPL,risk,precision,{'heur': 1.0},-0.7679609894679801,0.0003713069486093612
2025-03-28,GOOGL,risk,precision,{'heur': 1.0},-0.7987433496817526,0.000497071883211868
2025-03-28,AMZN,risk,precision,{'heur': 1.0},-0.7619528644523107,0.0004688989840477779
2025-03-28,META,risk,precision,{'heur': 1.0},-0.7579083037002032,0.0007313127888120561
2025-04-04,NVDA,risk,precision,{'heur': 1.0},-1.2437713835858408,0.0013990347693436252
2025-04-04,MSFT,risk,precision,{'heur': 1.0},-1.6829650381616472,0.0002718855324579753
2025-04-04,AAPL,risk,precision,{'heur': 1.0},-1.2376376593766507,0.0009593929159174623
2025-04-04,GOOGL,risk,precision,{'heur': 1.0},-1.7837766397306736,0.0005424217377644449
2025-04-04,AMZN,risk,precision,{'heur': 1.0},-1.1729129344663096,0.000782943789675964
2025-04-04,META,risk,precision,{'heur': 1.0},-1.1962342711912377,0.0010256977993202381
2025-04-11,NVDA,risk,precision,{'heur': 1.0},-1.1993654684457429,0.003129057815421212
2025-04-11,MSFT,risk,precision,{'heur': 1.0},-1.046812096911874,0.0007851426230365494
2025-04-11,AAPL,risk,precision,{'heur': 1.0},-1.6913824116357847,0.0023571822650085
2025-04-11,GOOGL,risk,precision,{'heur': 1.0},-1.1485630110987322,0.0010315946349027526
2025-04-11,AMZN,risk,precision,{'heur': 1.0},-0.7533378575289047,0.001697415447739178
2025-04-11,META,risk,precision,{'heur': 1.0},-1.0823545458809298,0.002225448657977614
2025-04-25,NVDA,risk,precision,{'heur': 1.0},-1.213093358422691,0.0033193545234147465
2025-04-25,MSFT,risk,precision,{'heur': 1.0},-0.09028282032351273,0.0009329627350559948
2025-04-25,AAPL,risk,precision,{'heur': 1.0},-1.1434319783938858,0.002524908408916445
2025-04-25,GOOGL,risk,precision,{'heur': 1.0},-1.1376048287442544,0.0010644222797142884
2025-04-25,AMZN,risk,precision,{'heur': 1.0},-1.1860938774936085,0.0018780331306278962
2025-04-25,META,risk,precision,{'heur': 1.0},-0.6202683759121616,0.0023405157728410113
2025-05-02,NVDA,risk,precision,{'heur': 1.0},-0.07376326024877514,0.0033398769237901345
2025-05-02,MSFT,risk,precision,{'heur': 1.0},0.9160056014108111,0.0011406324843118453
2025-05-02,AAPL,risk,precision,{'heur': 1.0},-1.2007448641774026,0.0025316029536915333
2025-05-02,GOOGL,risk,precision,{'heur': 1.0},-0.08312216627692541,0.0009461401894277344
2025-05-02,AMZN,risk,precision,{'heur': 1.0},-1.1613401460469863,0.001821082882048755
2025-05-02,META,risk,precision,{'heur': 1.0},1.5122345500976457,0.002430372247710044
2025-05-09,NVDA,risk,precision,{'heur': 1.0},-0.08397784032031114,0.0010013241417497344
2025-05-09,MSFT,risk,precision,{'heur': 1.0},0.9310786716718396,0.0005510798656123578
2025-05-09,AAPL,risk,precision,{'heur': 1.0},-1.5982323967727383,0.0005406670929874555
2025-05-09,GOOGL,risk,precision,{'heur': 1.0},-1.6520489788633161,0.0006187095653797928
2025-05-09,AMZN,risk,precision,{'heur': 1.0},-0.09111860595403326,0.0006068575641361291
2025-05-09,META,risk,precision,{'heur': 1.0},1.5106301306126064,0.0008224632468373901
2025-05-16,NVDA,risk,precision,{'heur': 1.0},1.0145365169845437,0.0007583913157221722
2025-05-16,MSFT,risk,precision,{'heur': 1.0},1.6465582354267037,0.00040370608979606456
2025-05-16,AAPL,risk,precision,{'heur': 1.0},-0.010600869672235919,0.0004542855874557449
2025-05-16,GOOGL,risk,precision,{'heur': 1.0},-0.0073157940970543685,0.0006056244309528222
2025-05-16,AMZN,risk,precision,{'heur': 1.0},1.0874041229942526,0.0006842829866818907
2025-05-16,META,risk,precision,{'heur': 1.0},1.7766255440016447,0.0007125623748739873
2025-05-23,NVDA,risk,precision,{'heur': 1.0},1.7743575527510547,0.0005463455128753983
2025-05-23,MSFT,risk,precision,{'heur': 1.0},1.494776784688606,0.00033085915247106775
2025-05-23,AAPL,risk,precision,{'heur': 1.0},-1.6912790356721985,0.0004159930554802564
2025-05-23,GOOGL,risk,precision,{'heur': 1.0},0.9941245248883277,0.0005502128037008367
2025-05-23,AMZN,risk,precision,{'heur': 1.0},1.0197518568510242,0.000507012757844873
2025-05-23,META,risk,precision,{'heur': 1.0},1.7248716190884035,0.0005892675630652144
