pred,real
-1.2974838617379645,-0.05258165866382214
-1.100924777850788,-0.031749027898371085
-1.605198684677566,-0.027530972343884463
-1.1629196051541448,0.014737991266374095
-1.9762256242623502,-0.024642903101274927
-1.1732997886222754,-0.013179128563743037
-1.9870223880218978,-0.04195527409459909
-1.1835493492771545,0.01070747186855181
-2.011674218172498,0.03036562693658862
-1.1656762794954536,0.012597272517142155
-2.022082366040341,0.011093290564018421
-1.15842358385854,0.012782956058586148
-1.9848656232736164,0.04811632518176023
-0.1345645635800318,0.008226588032005155
-1.7223375531589054,-0.0012611930886657907
-0.11180316878132607,-0.0027570789865846157
-1.40711853480951,-0.043313549690616515
-0.10816655561847133,-0.011768661735037989
-1.6456788741016308,-0.004619852164731708
-1.1196123412558767,-0.040981437374767116
-1.610229524400156,0.00543694470229239
-1.3549085033829704,-0.00374502306145974
-1.5387499357138872,0.013716697441309877
-1.3022393756866955,0.005381449825894835
-1.4445165413008183,0.02537080405932901
-1.5480187663731166,0.010390428211588087
-1.2339474038924443,0.02150742291587604
-1.3506530849288192,-0.009621377376132334
-1.224025278667078,0.05533817775293248
-1.5745356985907226,0.020766961651919935
-1.1062753594371229,0.04796374764594957
-1.3214618831027254,0.010557546333755274
-0.06009237078319732,0.013646318863372864
-1.019965554493779,0.009799062035306783
-0.0656263430377817,-0.04049861495845253
-0.029628443370735804,-0.01691587373508352
-0.08718026119690087,-0.01703331601131497
-1.0441921528714453,-0.005876478721772993
-1.0877243964690078,-0.028841635338347604
-1.0599030513573156,-0.026774330641733513
-1.18349958850327,0.07602975866449291
-1.6369964906218828,0.06685192536721063
-0.04139571987530371,0.01090500281056439
-0.020401853886932893,0.028540596859418788
0.0368097644818317,0.009953291814948972
1.0286213741161776,0.015665135125357832
0.0561253944097236,0.01530584154599679
1.0271946400391345,-0.009724300064116065
0.13125252964916084,0.004609294506806361
1.040169429819586,-0.011474407395419939
0.1584256546214294,0.01980999676130879
-0.00024002643577261673,0.02783640200858728
1.155356833135926,0.017043349388663254
1.0346204227426308,0.0041774347718337435
1.1526918525785488,-0.011761644548527683
1.0140466212716206,-0.002608848933542518
1.1211684702037916,-0.06298383274527652
1.0277822594111194,-0.009154854900852438
0.016706845697360743,-0.03973472713988413
1.0182657113032054,0.007063356164383361
-0.9604885633203218,0.05917125131686385
1.0607605170060355,0.024300389656395804
-0.18359256335637425,-0.008564955517485262
1.132577276686531,-0.007400746991285012
-0.18351450995673013,0.04274885742949164
1.1375337960274923,0.017037140268967743
-0.11089809419997529,0.017264418194453457
1.17450485476216,0.005344112911516152
1.1543034082622499,-0.008039092055485586
1.1650700515101877,-0.0025897025249620453
1.128669175931589,-0.028815085544786623
1.1701795857872805,-0.0026305900037586483
-0.005724929037494393,0.023888737387512293
1.1321076476054672,-0.00394754908691386
0.02036988435282231,-0.049219623927981626
1.138536634736594,-0.013853947685838364
-0.36691460995924613,-0.04566082133452709
1.1118550711551163,-0.02935523326926548
-1.5830791722556363,0.008629799225074786
0.7819519166759163,-0.004716471647165377
-1.3593229362814607,0.002386357022294172
0.7648589765209516,-0.002351323976267361
-1.302016885240884,0.04012309836255645
0.7943849053028211,0.01109539867290299
-0.3373949263277324,-0.0922793501925947
1.3427659302144261,-0.03858705397167128
-1.712874250275603,-0.02822878228782355
-1.550589118436735,-0.010668059233837512
-1.779521280517463,-0.021074615530660035
-1.591953666413636,-0.008520906383141291
-1.8109684489297353,-0.024178950090509188
-1.5918484031708449,-0.005704072707913732
-1.8400464920272255,-0.07665297469193366
-1.5932126866538552,-0.004092247676597438
-1.967518011741157,-0.020807921360407322
-1.6220637506297666,-0.016666666666665386
-1.9825854507953458,-0.01333626438044866
-1.6389882555327278,-0.010973990470984352
-1.9837678008923523,0.018789454140364814
-1.644860870367059,0.019111549851925203
-1.9224883410317235,0.020125419279563905
-1.6164219432898754,0.0016660854740597753
-1.8722435440029546,0.028377412437458505
-1.6226619279009054,0.022976945690857287
-1.866279387090862,0.008201848891357555
-1.3998279130849185,0.008281025485896931
-1.82535826667983,-0.09472595656670191
-1.3581747449960975,-0.054978436152261834
-1.936763011954536,-0.0002284669865161293
-1.6329186615549507,0.0009127346323256624
-1.9582831223585109,-0.015158439975628157
-1.6450835742940957,-0.02711918166679661
-1.9902630275800206,0.02080594013458148
-1.697087453246842,-0.002608199527263322
-1.9301030012753728,0.013941506288833505
-1.6867460149443734,-0.0008989131323048349
-1.941493866776651,-0.01539381258406669
-1.6920312977199703,-0.00846556518894026
-1.9411289968675016,0.006451123254400226
-1.7027257729795664,-0.014435966178595327
-1.8964248980659177,-0.05278636603574227
-1.6993011197729209,0.008495501150867613
-1.9577513937831668,-0.0035825173155049628
-1.6923980229005775,-0.012698149224001698
-1.987892427513622,-0.02301054650047263
-1.722933236692858,-0.0019754539340951505
-2.0286402212589194,0.015129211645401819
-1.7291590088461595,-0.004379869446197282
-1.9290876763374782,0.026021106904051683
-1.6921265137314219,0.01971151812528915
-1.5716087188594634,-0.040515075376888365
-1.6660898488326041,-0.014808976645786398
-1.593097928135475,-0.006628477905072483
-1.673244141992938,-0.019368421052630813
-1.566253651329601,0.030727407529449913
-1.6973168897625484,0.03366251610133153
-1.4757440925826355,0.05234974424552585
-1.3570725223314335,0.033812411730493874
-1.4002300010290438,0.003189792663478075
-1.105328175152521,0.0012857602057214645
-1.198140816566004,-0.005980770686652259
-1.0955474645245058,-0.009670947030495758
-1.416816586788044,-0.08027418126428465
-1.1196648143448067,-0.050852951902427446
-1.52573241180768,-0.03362040410731826
-1.3908889053037747,-0.021302937158470092
-1.5816817170208415,-0.007197943444724131
-1.418167311842461,-0.016750272628136553
-1.5934107114976228,-0.00742275159675676
-1.7399449112867011,0.0015083625393765843
-1.5245681508732716,0.039999999999996705
-1.6917044624504332,0.03760797342192457
-1.4890950348076333,-0.06128762541805688
-1.6513502832734945,-0.0242486338797826
-1.5591122073045856,0.05887592411151732
-1.6544522563369932,0.03924571228561402
-1.5287226151466864,0.006645356662179358
-1.1093509263182293,0.004083694691198181
-1.5478203003835769,0.007019303083473538
-1.1092926248446224,-0.008469601677150274
-1.5281924511695093,0.01186623516721097
-1.1182445336669322,-0.0013954668470882448
-1.5009751383325252,0.022306052156794154
-1.0977839082190068,0.025280542028371045
-1.2160386934991718,0.01066901973368184
-1.0643481143596212,0.02118784074013136
-1.1907760017305131,0.05254385268671746
-1.0131532445143283,0.013791708796761393
-1.1185671398173778,-0.027524319432924327
-0.013446285051022917,-0.07715630734860046
-1.1737301024730311,0.02171215880893551
-1.3485191477904728,-0.019756181912499615
-1.178910428683766,0.0499392835458381
-1.4007644254903633,0.04022050716648251
-0.06805062423375588,-0.02436027179412792
-1.1262773614096486,-0.015856191970151645
-1.1047362347466096,0.003408164777358502
-1.3297801678988996,-0.017059406367121555
-1.136101559659721,-0.023923798272173058
-1.6906076219187915,-0.03536836569225077
-1.2245995343852403,0.015281034874043975
-1.76933086856573,-0.026578827805539218
-1.1960512246904775,0.05476492064675198
-1.7981682425884917,0.03332555425904027
-0.09511509304230129,0.010243006499007778
-1.7461430725374518,0.029269614707080782
0.037298675453904445,0.021047479197261465
-1.4607371558948732,0.004388467108437766
0.08337214884470832,-0.056567593480346456
-1.4462881093950477,-0.019050115786256927
0.006340678658731662,0.1432926829268284
-1.6507749244753753,0.08226805042091923
0.21325713422652132,0.036634920634919244
-0.047296157837827923,0.016997283727055335
0.008824291533034594,-0.001959943651616003
-0.06226142843185131,-0.022500101169518172
0.09550609079918115,0.022767720159557747
-0.07148292659631905,0.001738770440900872
0.06857344804909818,-0.045361814472582584
-0.10569787852244272,0.001818407240569364
0.1768588781540035,-0.014644877435573633
-0.09883413977713945,-0.00020684234476620045
0.16096253246913,-0.017095107482296146
-0.08543277899015339,-0.00190334326381969
0.13989681979257773,-0.0059705366993323405
-0.07506918211588492,0.003440842384542453
0.09995089424017087,0.047071880916627507
-0.09504117751651092,0.012311505887214302
0.1699119983831006,0.0299912707320098
-0.09456644165938169,0.010406888952374738
0.13908728994298336,-0.015073551667773133
-0.09787010070394303,-0.000363518862592227
0.17996518546523754,-0.02722802704364158
-0.0043302204899643496,-0.023152450604064345
0.11475505608213049,-0.011878435584761426
-0.020021012432259556,-0.005914956982127628
-0.2444515501480519,0.08235820704649188
-1.0604510588853608,0.06162360088211738
0.2270877175611664,0.012527329669675291
0.044985048211999,-0.0017637375558513524
0.2787629294253904,-0.01511526116136297
0.060493005623747056,0.001295692803015891
0.2966115686182867,-0.01576202891680656
0.11097834421659905,-0.01890047839385145
0.2570836760740661,-0.037507525586994994
0.1140379435037115,-0.020303756994403233
-0.1770271167856928,0.008319259398258838
0.03734490491557653,-0.0030597258485632883
-0.18209705635232223,0.0650744416873501
0.00510146060149674,0.012399230674794204
-0.10849086611527861,-0.009785077756422567
-0.287042757739805,-0.008003233629748308
-0.05583903547980727,0.031409917063703
-0.2770952981735572,0.02888925107978002
0.23815511819599589,0.030624465355002073
-0.2717075118811794,0.01746465486515536
1.2542293688838437,-0.022023019034971503
0.03746876271141324,0.0011676786548340257
0.2185967827075041,-0.04085096752291362
0.07001372791446152,-0.03191820231708198
-0.1778332117066897,-0.022475224162341823
0.02147393576002366,-0.017348700855390642
-0.18190825200296185,-0.019129805081165352
-1.30857623873655,-0.017328047733864316
-0.19777648602523173,-0.010397440629999033
-1.334691948799372,0.0056144728633797936
-0.20024658483489535,0.025862604911406573
-1.3177260100679373,0.010876757650950974
-0.12005823403430148,-0.07041997454699778
-1.3117386475880946,-0.0255287812461652
-1.4889399495833273,-0.008670708651148384
-1.5604499187312761,0.0022670976951193467
-1.5115865890880895,-0.07135341312639876
-1.5636997922130038,-0.007414233653082469
-1.6122547474772748,-0.006019403724944583
-1.5678258814838366,-0.010254895340984338
-1.6079675526050083,0.0403961242519173
-1.5727031536005045,0.027629727540185334
-1.5160874739584436,0.0007532698760597256
-1.3196109105449074,-0.004937554458319782
-1.563884364749381,-0.020459833036815533
-1.3664556865007915,-0.0010007505629244795
-1.623407726711891,0.030317848410754467
-1.3832651640202394,-0.04374321729693398
-1.5977345618599144,-0.03281578412095287
-1.664943022531674,-0.02963771278917371
-1.641195995328449,0.04164037854888991
-1.692035828366088,0.011785344788807883
-1.3493056503953011,0.05175314624133609
-1.6553349638573271,0.009736362423865552
-0.22803379542839636,0.01798054773483826
-1.6159530844941032,0.0076171187037650245
0.07080948129046433,0.005782890187944867
-1.6002496227863428,0.030238147258031756
0.09198333604661771,0.0318730079370011
-1.343309082927471,0.011621495525298453
0.11978756531726381,0.023499485191689873
-1.3512185975189441,0.003018741352566634
0.1036824772028328,0.04751760459198717
-1.0797247075751173,0.004681687079376218
1.2399945237220977,-0.018359507400290798
-0.06114547486999285,-0.01888912003328158
1.198816803731522,-0.03521896760085086
-1.0811222419223994,-0.016453924769941675
0.1466997390235324,0.0640620339993987
-1.2931352142580244,0.03574354331047869
1.2644889809239794,0.07590111553338175
-0.025508455549824192,0.009824327699609503
1.407978432932688,0.003751367686139817
-0.012954323277091437,-0.002226069750183357
1.3756561351478882,0.0030106410589116894
-0.036436053818609315,-0.005908114361263372
1.2631256144664291,0.024789111421623433
-0.02663168584434346,0.030713602925894756
1.2750405240230538,0.028431471568527655
0.0005165838438133015,0.00064516129032266
1.4480930286909994,-0.05907193714706416
0.042088677728211635,-0.02196163765312731
1.5069897940200825,0.019569982256545604
0.024308564364106236,0.02101273124304659
1.4645789939159375,0.0719660132057145
0.013807171893782725,0.01993462733546192
1.4216416744398683,0.03657546674306289
0.05811815314464627,0.046884272997029575
1.5235090358659777,-0.028052881293470167
1.1359861418515511,-0.023620559334841973
1.6340212784884163,-0.0005213270142180315
1.161189306993316,-0.0061157344687445825
1.669287427197935,0.0514012044193628
1.1978779231872307,0.04202204307356561
1.4994754545453026,0.0014431966806482954
1.2391149209864087,-0.0031021079384040418
2.03767968519872,0.0059446070704831655
1.2067472625229676,-0.011659730813931679
2.002332246053342,-0.047992120696604634
1.1726540466442448,-0.001972536226387711
2.130955131579886,0.024594403950153776
1.1506488764228437,0.031242873432154594
2.047422641592684,0.05429594272076499
1.14640257015142,0.003132832080202208
1.8991519967081596,-0.009011362152279379
1.1393422054023836,-0.007972958077671843
2.02886086669143,-0.03347390616763468
1.1328503041823648,-0.026622605079462125
1.9748464532016647,-0.0279065539496387
1.1067543435072593,-0.015601754720577676
1.685650390227874,-0.03427155414251304
0.7975542432895225,-0.020886615515771867
1.5708047088272667,0.00479302832243933
-0.2678235278551719,-0.004590968456881561
1.5276865342865833,0.14021393466320187
-0.27923684449334485,0.012961711263965503
1.762037707738339,-0.015973630831646157
-0.2582115102103852,-0.021784354515838156
1.6951077490130955,0.00923301554582423
-1.2926647692688882,0.0037717679158992823
1.659573550784211,-0.012127143525806572
-0.32011653506603194,-0.0029581068116411036
1.6367499430566743,-0.022312198483804613
-1.3195787715884304,-0.012629299975944308
1.6833852257583655,0.02713895497400265
-1.5059075040518861,0.019653226133919732
1.727283859165055,0.024706185124819813
-0.291265061463683,0.01664609135438533
1.6577409569183017,-0.014064462118042798
-0.3108092729873435,0.006189039915392103
1.6073318551150206,-0.011123376072004754
0.6616837090604331,-0.01058901389808109
1.6298639007441593,0.0383459292339432
-0.33050703919659896,-0.0017706079087176363
1.7154687642931128,-0.03080931309706003
-0.3173396695027653,-0.005439495467087774
1.6266927437698797,-0.02009728622632101
-0.3516920218477157,-0.014782815472412558
1.5772024217693277,4.354452427701716e-05
-1.5697888637796755,0.021440926827302587
1.5258099892064023,0.04776626317164623
-0.33854080522972263,0.02705576559546463
1.6638183967877143,0.006857000374018929
0.7045842044053687,0.017830438283676253
1.6591615658178767,0.05419349512959948
1.000203568588218,0.04053646775165576
1.9883634278388032,0.007204103206610135
1.0477400262643477,0.011694424330197517
2.0305217913244005,0.006802721088436714
0.8775577795559513,-0.025766739433848107
2.1024182046303994,0.01154440154440084
1.077572463695463,0.005693714873452382
1.9695507712334568,0.010267567464408822
1.11090739039231,-0.005442325955146821
2.050770191691708,0.02731600423152236
1.1333310163404973,0.019721620331266232
2.1107148727680167,-0.015152072376889314
1.169820489637187,0.010480443708130505
2.1452605601403816,-0.0092609880876805
1.7675790119220856,-0.014933884592078894
2.198711612030697,-0.004560702574346376
1.7802285962912392,-0.004160937839208456
2.1938163180741586,0.0217341915940914
1.768478504487264,0.01918395523743821
2.3090896059250214,0.014786540171954465
1.8083510003900076,0.01261987094934125
2.1641991933723213,0.014388489208633448
1.8458167973285955,0.014962154550256734
2.147569969837847,0.006768189509306799
1.8398262630035753,-0.00371141172389855
2.138849886815528,-0.01830860003576007
1.822737613169915,-0.0001740765240402231
2.3195282521101754,-0.02083560995155409
1.8106420911333625,-0.009889268054877887
1.9429644911833759,0.005803355529929277
1.8229277564596125,0.025532812829711204
1.945125294457741,0.020046602803564628
1.8859970412144826,-0.007578875171469934
1.9897828650086826,-0.014866383842777275
1.8727345725287805,-0.02266837140191147
1.9652784735380044,-0.024807685229489063
1.8505130479384317,0.0023335572605440724
1.9077763376527463,-0.001207775051895954
1.5331462021783784,0.022399379166814004
1.8582560614190713,0.011147640101273337
1.5320321130934778,-0.01276566381451738
1.8538875838184363,0.00911876821884694
1.485656934436881,0.00929614873837692
1.7945060406599918,0.024627805347751996
1.4568679174586026,-0.0014889196675899052
1.8255328263532127,0.009542053710197562
1.4457402078149881,0.0002774213683824911
1.8308917954584287,-0.029608678529231325
1.47541297356269,-0.008112324492980272
1.7814399892973027,0.0005534238488753562
1.4645841379072777,-0.0012233057215772503
1.7269858838224104,-0.0028393377336902725
1.450121995174428,-0.01396276595744439
1.6460000107608006,-0.02962059019303309
1.4041521927458933,-0.022536111012528393
1.5939018181386768,0.027247437216568304
1.1545148931712603,0.07243482680996105
1.645457446692027,0.010016322896574614
1.475013832684248,0.03202762636692924
1.6367648596765356,0.019209579078820482
1.8130853157133926,0.007971656333039867
1.6438627660270233,0.04183934556200186
1.8233245934470579,-0.005532773546833902
1.7387792692465078,-0.02421307506053083
1.8179168333575004,-0.0004909019505177081
1.9495553289695016,-0.01446295639844064
1.7834028789338465,-0.0033070298942406984
1.5807648109729162,-0.00863247248399479
1.7736161515869275,0.0033180026281209862
1.5601398921838296,0.04056309411508496
1.7584486708601135,0.017157264005765782
1.9761349495961507,0.01642259414226155
1.817342602533881,-0.0064381136327074096
1.9968239202009668,-0.019896401495663407
1.791363824460377,-0.005345861007614139
1.8933104472854199,0.010990164852472839
1.7607765624892582,0.01729641693811268
1.9238004011841559,-0.010628353816858449
1.808629160517882,-0.007044282924020484
1.9193714148110614,-0.008328084540555003
1.7992813156025138,-0.0036761149269602944
1.6513161343978335,0.021630204657727248
1.7768264499572761,0.0015859144900793876
1.9264092659582077,0.008980071149792934
1.460399334703424,0.007367672720223428
1.8932109458926991,0.03303323862663898
1.4589152325271804,0.009430936036440407
1.934416971260038,0.04970508317317357
1.4848224890776867,0.014394904458597146
1.8300095559041063,-0.013069006881748946
1.6232264208713054,-0.0005651136506337195
2.0679337720518576,-0.002814738996928745
1.6388853694291377,0.00892127913551688
2.0893499100009363,-0.015653066461381204
1.6678729854411156,-0.018432031882432698
2.06223228980171,-0.004887904066736337
1.8517393124215773,-0.004472498889807608
2.005206011051187,0.24369637828279545
1.560027319563249,0.03845786203600765
2.101388837048438,0.025434439178515955
1.671970443193021,0.02138561610210976
2.130964272598369,0.029913213166948394
1.6751357229879404,-0.00504671212712926
2.1923306445086217,-0.05676747026999873
1.6600738015156,-0.008514235681291282
2.128481426875834,0.05117090447745243
1.8625521528149303,0.012759219221048834
2.260085980667259,-0.011139049534824141
1.6750689692308032,0.008479162908173743
2.204632204989565,-0.003966740407354452
1.6715341710873255,0.0016100178890867678
2.2126311908813503,-0.013198539736030357
1.6678003175498424,-0.006727391796153448
2.145488348676118,-0.03039788896362583
1.8453110399236274,-0.0308678973867188
2.2341879921578416,0.027618412274851067
1.499901123785123,0.005813593914280268
2.3556734120103107,0.006751493118670737
1.522293742655781,0.00470392916436313
2.3702626721437605,0.01836471498581327
1.5238844624027232,0.015483949937266095
2.4040677190040936,0.03900511625550829
1.542349183166097,0.0073527196022318275
2.2740653053996924,0.04814489785968701
1.5449272620235672,0.009123814651948559
2.3448728876463703,-0.008000558178479333
1.5433511316259079,0.03189660283393625
2.261184460326205,0.0009143553794579429
1.6641782024085998,-0.016575696638897686
2.22388307962288,0.02614072894219044
1.8180382683317171,-0.012502556013202715
2.2353672609320676,-0.017416910153395748
1.8033466531700266,-0.01328205886703171
2.2099758400546103,-0.00046463003833141503
1.4811063013220283,0.01843746252548306
2.2124952550987445,-0.01896571760604371
1.5103594887193643,-0.013805893261902624
2.071821128000661,-0.03736170011135076
1.4924943445487595,-0.019163035042682575
1.9903798377664488,0.0306162630439053
1.455592824879196,0.01816798539257536
1.8834016887665783,-0.01812494029993328
1.4656252447991192,0.0038258062587779307
1.8276302899883554,-0.007174647955832558
1.4551077516551398,-0.002382015780853286
1.8022224726833016,0.03625496056048316
1.4470078152450727,0.016385614087451206
1.9277530218598882,0.002623989409484384
1.4773922938103752,-0.007488107123979848
1.8589684402453839,-0.002263456958952026
1.4393804495455746,0.00047338678659114564
1.8602970256420353,-0.005057069262944358
1.4355889598151879,0.0092266745527112
1.8752424778229866,0.009500510652448835
1.4495382720359535,-0.011867436340725068
1.9102580196040013,-0.00759946356727903
1.4507247326970896,-0.01598363086412591
1.936535063836597,0.005334281650072326
1.4473830727750623,0.0019286984299209387
1.889542617993378,0.03530244074991162
1.4465770491035856,0.014226847535115716
1.9451901962111033,0.047264361532503685
1.4755781267852823,0.016192170818505325
1.8383847544033523,-0.011049002762251847
1.485529241409597,0.007529329364383441
2.273741472983173,0.021817062174230184
1.4727866556271125,0.0014193025141935323
2.0544631288975745,0.02223370138395553
1.7712844870596933,0.03979984380875079
2.093564999344387,-0.008780056428180694
1.6019157538539377,-0.012267378786614658
2.0351858141018986,-0.03307347537013683
1.7963360755193665,-0.02312155007322303
2.138695267232285,-0.026603690685414905
1.7716806120081658,-0.00893706575950437
1.835260498108923,0.0068383398406663964
1.7771641499930126,0.0038979550280717756
1.8253033676958144,0.023917331659642826
1.4603032644646576,0.01700906957201842
1.8678801144965094,-0.004969460802557557
1.8075189136421534,-0.03763747222064007
1.91873425402616,0.009856551966910487
1.4715961196478067,-0.020872191135979157
1.888416997992944,0.01851851851851749
0.18462392665360527,0.023131349782294253
1.929970824065748,-0.00044919786096087044
1.3951153795034654,-0.007240594615362417
1.912220551478257,-0.004750797149522312
1.3814532923688196,0.0012502976899255724
1.8584896731051546,-0.04812178811791801
1.3766006884071444,-0.02628292798953491
1.7632811539537567,0.00555693600487861
0.13644761680224848,-0.0025648854961818346
1.76394291883985,0.0037066157475009742
0.1297688175513624,0.0034286414008461996
1.771207877584721,0.016483885407341914
0.11686822490928647,0.007108426383547473
1.7749299397476073,-0.016568868142636584
0.13461807431290412,-0.012298930659476515
1.7376165797260577,-0.04724162636575169
0.13402818489413834,-0.011715994479373992
1.436236181927001,-0.003900925882409534
0.10891884277455216,0.0021723613567934397
1.3919175457303243,-0.03616589600830433
0.09280249150038335,-0.005945560957482887
0.2952679987693997,0.07093379023375546
0.07607066111843182,0.00943895828790664
1.641806106939666,0.004273992640503987
0.08584962460122146,-0.006727564498212657
1.6094869521895563,-0.010332271279017924
0.06822693960569509,-0.0024234139066661164
1.5512932726945126,-0.003276916708824573
0.0316948678289192,-0.01098626716604234
1.533988140539299,-0.0010266822014841637
0.022830952209645827,-0.0012623074981065185
1.5406698077240095,0.08471327282385288
0.03901711070020696,0.01706268958543844
1.728188798335848,-0.027657717120531555
0.07384385488140303,0.0018019137566793741
1.9802190659231378,0.03170710344223515
0.07325940871330894,0.01407926564535189
2.0275182408291816,0.0009975379913411686
0.5896236976190046,-0.021498470948010273
1.9956200959302783,-0.02427750567181952
0.3906575292567061,0.009407131918616862
1.8113169314696353,0.01775392237819906
0.6107447894498722,0.0022292402006305334
1.809079189058731,0.04161417743140983
0.5853496199434712,0.014550509731234396
1.8682411902095453,0.009839291571006159
1.6158509637611072,0.0011570902225872537
1.9310438707508355,0.001847190646314445
1.6229008824742204,-0.0031326986830523262
1.9476696872767507,-0.017141120453854408
1.6338483093035225,0.0027459116426671315
1.9082723560092856,0.0008039745201904314
1.6334453208695563,0.014878597943161376
1.9126792913747186,-0.03054708741863643
1.6508480636077836,-0.0020086943486731235
1.8508061461955465,-0.017424194131022253
1.646442304307806,-0.008922134102378076
1.5410182347195203,-0.014467680197226773
1.658512792826805,0.013215725500894893
1.5568888961011977,-0.008645659615553858
1.6886641130435736,0.010979148592452859
1.547487034534454,-0.006817477533311633
1.704803460206282,-0.018257678877907302
1.3629297040187982,0.013706262536215874
1.6688363851228603,0.012930644723755602
1.4920578036031242,0.002110585907441953
1.671702122901768,0.007855740046421866
1.4667936502433307,-0.03687940150501312
1.6830737300448133,-0.025036905816357535
0.20223718182122682,0.0015034168564922457
1.6229492185060665,-0.00351280964205658
0.2054238933289385,-0.010144202338172259
0.633203053094823,-0.0012459733787169025
0.17628040909200188,-0.02943474264705792
0.6426247964615018,-0.023976875095083394
0.07246552002134782,-0.02893060915267831
0.09408750207772076,-0.00386569816379434
0.049371511569864204,0.014457420094108109
0.0797784611316023,-0.007886583419396853
0.048789054692245336,0.014708002883921933
0.05856094797592204,0.0016718715497940906
0.09017106357712806,-0.007365828241202688
0.08764571068885033,-0.017005731561379855
0.08783737797039376,0.013290067046837883
0.048543894071828124,0.0020823989235594365
0.1031340574880703,0.014622774795140403
0.04875466342617257,0.002717478180248145
0.09302583145388607,0.009515189491516862
0.03851566677587016,0.00672745823236931
0.2792835166345318,0.029494930917951523
0.03816468044123041,0.01916072842438732
1.6155153807381246,-0.028247956768342686
0.2685559946502563,-0.02613424487259286
0.5849586670773893,0.01204127122733456
0.02678153957389105,0.017757426848336255
1.60886518688065,0.014690856247587591
0.23550422554604925,0.0012697715978737811
1.6586671587994815,0.024033297529538533
0.24580178612985548,0.024736973947896868
1.7138198960048188,-0.010685721777894508
1.591620549375525,0.007822526431583654
1.7019298210186597,0.01159631568484576
1.592306625305835,-0.004335698259656295
1.7157391410747156,0.022009694746495834
1.5741078710286256,0.012271993666068015
1.74258345471419,0.0029697047387071684
1.6016049368968803,-0.0037903856567006455
1.7404204168251192,-0.03161146021940553
1.577561419686941,-0.010357531102790252
1.6722894856856456,0.013946019665208809
1.5568534592458843,0.01498184481127618
1.7189478172821022,-0.046794663195573794
1.5840268141907976,-0.0017436267436266029
0.6359263540933342,-0.03964677500114
1.5900585352924566,-0.005872432692885177
0.09306172544394205,-0.002251398236799429
1.5921628460801471,0.0036654448517150495
0.13523428179734853,-0.01695921712073134
1.626469237741641,-0.014034770010866393
0.13273707585429687,0.038369536327830245
1.606555255517651,0.008112162120794686
0.36816043817804467,0.01600930773705711
1.6216028626037193,0.0036742378233958206
0.3894526794451144,-0.04314866133797557
1.6463507857207753,0.030678001996792048
0.11416072794886811,-0.03477823787070067
1.7073014916658626,-0.037514310036105836
0.038938348298832984,0.0043148341020691205
1.6264039866917552,0.0058556223123602535
0.02909403131718173,0.016320987654319552
1.6347631364146606,0.022740365665080642
0.037490141203285865,-0.009256334880104466
1.6633381957322595,0.0023717055527558983
0.02598329673023876,0.037886218734676014
1.6616869490026138,0.023542634054004807
0.30565134693650325,0.02790313053750637
1.727377671302556,0.006501574825902301
1.3374827035148606,0.03445501769870907
1.7186694488863483,0.012861736334407459
1.6602682628411927,0.016575936007108272
1.7319662527993027,0.010572562358275306
1.6690030136711738,0.004458918930734468
1.7329326108924465,0.011219252236839505
1.7137498909859565,0.013469698618213677
1.5505184028164383,0.007405763736721305
1.7244694344739429,0.008073173873834438
1.5631585588830808,-0.0069107929515428435
1.7396247578436363,0.029499467518638633
1.5437106318013645,0.024896725720146895
1.7521586595186025,0.005896348401778884
1.5840545666035315,-0.008088294965779563
1.7859891507573928,0.02130810366104474
1.5840215039730141,0.009790553070796904
1.6117839201678141,-0.015466408893186623
1.5857114590819301,0.0004051097847523888
1.8275833652546862,0.012109311078383866
1.5923002129630408,0.01758324992560878
1.8817820673414316,-0.0036782538399344755
1.6264737219229672,-0.016800914480156193
1.8405599839705127,0.022536411213435414
1.7839533869601023,0.020521833175613624
1.7138327831110902,-0.00922454323632571
1.6312662270896912,-0.011577999152184937
1.8461377664189098,-0.024587538042607715
1.798274003444153,0.012812608893774113
1.786307674152403,-0.019295508662451888
1.8286569563776678,-0.00111155220325454
1.7652214938007884,0.009753851306093964
1.7853081272945581,0.0031264075457704266
1.808544808350464,-0.008726835537498534
1.828369678723565,0.0108026729352102
1.4647970432994917,0.006670709520923523
1.6342469200035512,-0.010060099294488256
1.4654502060243213,-0.02845866223514837
1.7945066549139086,0.00015837402666174505
1.4159330473810978,-0.00010690613641251012
1.4917819751506536,-0.011612256208598515
1.3888504422056027,-0.026836309205602205
1.4463676977379636,-0.014338735948306813
0.1193496813024836,0.023291584267193688
1.4080460440371358,0.009156417619331947
1.3399024366867354,-0.02282781428510028
1.4129037121505617,-0.009986041017931435
0.10232481239803426,0.02402039425971836
1.3964466151618473,0.005829718004336737
1.3356725430605598,0.019529573353936236
1.387954950588034,0.008842162016443833
1.3562606871797989,-0.01850292594619596
1.3888889200121768,-0.007829409721291869
1.3194369766824723,0.022090205245886674
1.3893396812958019,0.008295179100455519
1.3144955998518804,0.009043792097699788
1.3732523455249146,-2.6710828567533262e-05
1.3139667531635157,0.005448344701379559
1.3754005048343785,-0.02254454149638152
1.3238869966589564,0.011168562564634055
1.337412966446634,0.013117262864481116
1.6542452959515377,0.024278993659234915
1.3614957983238563,0.00517897121894717
1.681573536632462,-0.009445454000838405
1.3572789178443525,0.001636924728298128
1.6882469726480225,-0.03009837916297098
1.3905492584930665,-0.007072817874939963
1.6354524804509907,0.018270250046766634
1.360978707578824,0.007878689763099356
1.6672253386146962,-0.003265972647478299
1.3904438976217737,0.0027841730470639092
1.6840645220496016,0.009195166905589858
1.3862769981705776,0.00021357253457221503
1.7156693974855093,0.0028003815012482836
1.3937512012372413,-0.0015747611167460374
1.7076516275546798,0.002124774875043034
1.386711068808224,0.003234688694628174
1.7131278865626152,0.0
1.381588721503745,0.0020251545512692815
1.6957392896355756,-0.02734138362747962
1.3876861659479485,-0.013748537389641102
1.3633598532484734,-0.012435641919946505
1.356410910916471,-0.0007280179038468004
1.3578142865376726,0.009018478420820042
1.379789926671886,-0.007177549919051174
1.3935454702117271,0.02289678736614076
1.370933967830734,-0.0005163885416089586
1.399438760249106,0.06428091329409158
1.3635366332920937,0.018871515975526387
1.8123584818111773,0.01697510190802487
1.3915692247710052,0.0029357602284556528
1.8220026815077015,0.02277004140007488
1.386664107948618,0.018574203677586887
1.6287096704100676,0.008684452621895877
1.7073484478873326,0.004859314993336472
1.6442399539815045,-0.002042975447812956
1.7135565781509396,0.009983620622417533
1.6184115816383502,0.030561140559312472
1.7226784305620524,0.0046335624372528805
1.6749919766182508,-0.005835195629811052
1.5355777494186553,-0.002049862915417422
1.647049551655258,0.018803632276595206
1.7411272327404876,0.011297404164634317
1.6973781112498472,0.041746195737825564
1.550303970004356,0.012186762129638096
1.6779384350700135,0.0027399102385232688
1.5724771932363757,-0.0054180148995424116
1.700516538940154,0.0036711704160659053
1.56116657575877,0.006027590729110521
1.7528441466725282,0.02486930669917875
1.5854324031057736,0.009175231887691204
1.7516447572350182,0.0041556663733259835
1.585877783387278,0.005738275039746998
1.7545915073543652,-0.009510362399987371
1.5976442927569927,-0.002321732901918727
1.8514476000876632,0.023496256001049876
1.5808403542759255,0.01433416681108124
1.8150029265106433,0.004946770191306182
1.6232893767191157,-0.00275798106023728
1.819782858019265,-0.019864912224805797
1.6132566891383953,-0.026946327614480126
1.8682131136828506,0.024379540689453583
1.750245183028276,0.015594345792043551
1.9673232752497514,0.049708854935185176
1.793566308340347,0.018425875476743903
1.9580866951673508,0.047944377267231
1.8131805094905016,-0.013545061037887551
2.028832257962566,-0.015995499913459277
1.7924596325495439,-0.00039442869468797603
2.035782230977346,0.027498057839731915
1.4843219909527732,0.021110261658733753
1.9126739462032145,-0.006533616742036785
1.7980153084730743,0.0001449100350219279
1.9867779922478361,0.035783518329720154
1.7917693909093295,0.015551423534809539
1.9260795179153158,0.0015942772378789716
1.5957627663240583,-0.012578765901795963
1.923061357134104,-0.0016609456317122628
1.7737147268876001,-0.021528680826470525
1.8845840728427596,0.024567435669919924
1.41280136971606,0.009647568418978958
1.8953523416795428,-0.01680649526387079
1.42938322682305,-0.00715524188624872
1.9545215367839286,-0.0006193399212740536
1.415032523689452,-0.006149153876424784
1.9427388978397437,-0.04353214989051579
1.3965306575681509,-0.003143097559768604
1.6996044603273046,-0.028508898231872415
1.3723278706747832,-0.0015144368032984357
1.6247143752811857,0.16400877400995895
1.3799714808646335,0.023546670644985834
1.6973812225242055,0.0035524204843522256
1.4005494084170507,-0.003182315073484987
1.9748501221188817,0.0034890949921970726
1.390132170325195,-0.006823609689525889
1.9951433041570272,-0.004943609973196539
1.3718121941144688,-0.00014722481228823803
2.016256020944586,-0.013189158968754056
1.3724584142668643,0.0005889859625007876
2.149711455748448,0.018657533188261244
1.3589536392377912,0.014519768468556515
1.9795057015854265,0.040031853574678866
1.375927764912705,0.004496663765594988
2.0809949501609117,0.03595085015617605
1.4147584729629226,-0.0013959085439243513
2.1539072947937434,0.008576087849174074
1.3989266973732575,-0.029571965680129986
2.120838960586146,0.03182727653436279
1.3390129523797394,-0.0013907860424701157
2.0614885358371353,0.04474633596392352
1.3536277616496502,0.017533388047452192
2.172221558190102,-0.05547702036279645
1.3767078078059556,-0.0071369213472159965
2.3294597475283467,-0.02003930170916768
1.3540729606150206,-0.004184924425187919
2.274957047861304,0.07157180497586668
1.3420948313969014,0.026599426480766297
2.176731037820825,-0.01115185011913411
1.3622193967163017,-0.0004334424966285777
2.367090222975143,-0.032391514831441426
1.3805502322094056,0.024379667549988104
2.270730828634711,-0.0012223687801319327
1.7329757197730034,-0.02069516955928674
1.9337429982915653,0.007041491862722182
1.6878402331539641,0.002161279477451483
1.974550848876929,0.01066078797128478
1.7143886025103083,0.009800632608070847
1.9893370823440752,0.010895098324347208
1.7300674853579479,0.009064806245697499
2.0498187486853463,0.011762492807505964
1.7455090967152709,0.009735907626461149
2.1300127512473006,0.03121343030568191
1.767056807104111,-0.0014672659943627542
1.8791052653542932,0.007561857692837792
1.747765380121031,-0.013714605588468376
1.8718292301546682,-0.02569419591166411
1.7250984460908856,-0.0028614671522493307
2.006003325910862,-0.024967318849191233
1.7251107436402724,-0.0005217597533495599
1.9493415614915333,0.0011745152354558641
1.727739008338547,-0.001684740051729805
1.959486473309081,7.74713356066492e-05
1.4247852937285599,0.009150979273626847
1.9341976631355113,-0.010081559930503081
1.42436843076773,-0.007372164778481349
1.871082582736453,-0.005455439788936256
1.4057047977241617,-0.002349088838269564
1.8406543691095272,-0.0343846949327824
1.4064222406336262,-0.006112498513497933
1.7792071361839727,0.02448053081892798
1.4315523719893413,0.0182827606011311
1.7892532400105323,-0.009942277974729019
1.4625843312966318,-0.002185561195714336
1.7105830342584634,-0.020417063569486138
1.4430079484772214,0.003980310417107891
1.668219021381566,0.019741312650842335
1.4419796757366208,-0.007084545369240636
1.714466040244134,0.041096519950826416
1.4311046261960896,0.011033407361904723
1.713923480532313,-0.026816456254966314
1.4172498328628045,-0.01409108966419692
1.6585982373733261,-0.024777175515387717
1.3894239005925848,-0.019578099075610922
1.641660389247577,0.016441669282915017
1.1332070063931468,0.0022725074944405232
1.6608305596279893,-0.03866613281473441
1.3559967508205528,-0.006609098364610211
1.3806267494537516,0.007568275123460477
0.14182968373261046,-0.018380924630924
1.5862463599549008,-0.10004606063469157
0.09950539682413367,-0.012739011056968064
0.17544878896984875,0.04354330708661447
0.068255127327116,0.004610142313088206
0.2334404226792336,0.03653260896903854
0.0689590272262164,0.016485434956106326
1.4722118813587797,-0.03331594336532362
0.09353137617110308,0.0036558137252495904
0.18412097339272931,0.037087239730411836
0.10550772269192822,-0.02449518408057505
1.456576074710767,0.06175573627650377
0.06643771083604003,0.01824378508420188
1.6000110615824104,0.0002507551148340781
0.08852730300414438,-0.010016735577870084
1.595945769073047,-0.015440363731667461
0.07539488687832212,-0.03211932877563706
1.862996450337103,-0.03889956251012794
0.018868465812711843,0.014409369943236161
1.5076663040875045,0.03342926987873529
0.05324211457323967,0.007342887527219233
1.85793051636866,0.03463183285363014
0.05849453627427323,0.022169716468931844
1.9102383106787288,0.03774116163038177
0.28318806342495356,0.01691831013623224
1.9189245611016787,-0.01721293683525016
1.5976970617682604,-0.01015621221647256
1.8952442191584522,-0.001568125096627404
1.5820366083324675,0.0029315483461185288
1.8912949810715036,-0.018415697031368472
1.5717243850244134,0.004335752910799906
1.8418359732539356,0.012744092758065761
1.5823854192140985,0.005869227784246034
1.804835106996115,0.005796746701083544
1.5735281971471051,-0.002459372136761062
1.8369492002907397,0.010586400292038833
1.5894218106868871,0.006864546069805799
1.8724694341946553,0.035837821270633397
1.6237728146098904,0.017452467831764684
1.904849041026745,-0.002863785268942376
1.6449732178191796,-0.004939964072987135
1.9436556446936268,-0.01992390762937324
1.6450584892830642,-0.0018527756003708928
1.9030627329189926,0.024881324408784655
1.662874979343192,0.01220818162347359
2.092826783349029,0.006393753956531745
1.6931269525113941,0.008698923214369936
2.078955244315105,-0.004570901390141713
1.706272618218384,0.0034495618124186223
1.9369165219248476,0.09319641916797883
1.6818601072322352,-0.008176159063458255
1.946040624831395,0.025722791163692138
1.6686573102471298,0.007400468384074488
1.9627487932745051,0.06980435619757963
1.7066214074111283,0.0003719546215374958
2.0461429924857204,0.008112308057000917
1.690500818092527,-0.002672429819670752
2.0689168848524737,-0.03766601349880039
1.6953307803995041,-0.03378614535032787
1.9937449295160106,-0.007846153846160164
0.6632994524483788,0.001109315841512748
2.1987874562006082,0.04895423823119405
1.3513008122686334,-0.003878303182135001
2.050710295581678,0.012495652173907912
0.3389335441286817,0.00616656993615905
2.0322557298299606,0.051555776943756015
1.344650239724494,0.019083327324728394
2.0890304533571418,-0.011777196994444794
1.3616706632693472,0.0012028018207106417
2.0484532003983116,-0.0009091059356338693
1.3636040825285438,-0.0015782530858381438
2.091951806693489,0.007461451922436746
1.3634523596735635,0.009484487436593803
2.135527033744767,-0.007143443632480206
1.3751873861525503,0.011241732301866758
2.053680954271692,0.035480936233567295
1.6733044717263317,0.01936766201349771
2.1380853131448854,0.03522364217252161
1.7074037950544976,0.001178977916836299
2.2167273657406623,0.01751408070364735
1.6898891998093477,0.002241949363648965
2.110293224830131,-0.006824385805273003
1.6874578044289714,0.013105271482477088
2.190851469444275,0.03511986562834002
1.5161365356286287,-0.004527510761201059
2.187657424594478,-0.03540345183656046
1.7034093399883807,-0.0014338844826816688
2.1523746942965345,-0.032191466585103745
1.684534434952976,0.009154139555754837
2.265857188593827,-0.06684048352690297
1.486025491867418,-0.004691182355818335
1.8132637110443286,0.06756413512827564
1.6771816904416945,0.007326825563473749
1.840820026607121,0.002458561345066279
1.5019415872622817,0.002683224304247389
1.8356513910996455,-0.0190664556962028
1.5001993097840571,0.0015260084925681205
1.7421237468994166,-0.003629324945557788
1.5025275301244243,-0.013028596665561998
1.725288804599685,0.006151853650640415
1.6846339576695326,0.02188164224186151
1.7760195493744177,-0.013113435237326998
1.7505620858809556,0.0055831672979647085
1.7636755380956664,0.04573245292247452
1.5620074219076543,0.0032442083260764143
1.8204735093646973,-0.019098846273779224
1.5752672097047433,0.014736202443735413
1.7963154260694312,0.018834936024800575
1.5968190575754515,-0.002823167080161948
1.7679231738606513,0.024804992199686016
1.5658404482067134,-0.014370281400136076
1.8263871643422944,0.026868625361542886
1.7408349544894397,0.014601558079818444
1.871848729450214,-0.055666740790154434
1.760800695914416,-0.024772117962467255
1.7259029381382034,0.014442700156987565
1.411391509894041,-0.002529140092367932
1.726566746488926,-0.0061900340451911395
1.38820031204114,0.0009039797155763196
1.6969331201714353,-0.01619433198380127
1.37836916527867,-0.009780597409461689
1.652561030679378,-0.066239316239322
1.369322434105172,-0.013347570742126114
1.291331135311286,0.026273413001101753
1.3438940202789025,-0.007102272727271819
1.5687045894265181,-0.026096292014200717
1.1250968089971842,-0.007402865771966027
1.2843315513931932,0.04757059272449715
0.1247209742794333,0.013337603806823806
1.6550393054352182,-0.0076898170633024066
1.3503985339838984,0.004312096446469793
1.6381293079620773,-0.06803165021616775
1.3477438611484247,-0.03585478251095764
0.3448907753672279,-0.01724288840262511
0.08473213113193825,-0.024481231056191377
0.277848709546349,0.006946918418242687
0.038145414417931005,0.01641969407265842
0.26370225542565595,-0.013001945869452025
0.06999510923133537,0.0034331130811027233
0.22446065229585843,-0.07043641903395925
0.06549788113623456,-0.008928362196237272
0.10146389350995787,0.1281210835823745
0.0660084379173584,-0.010805826160975807
1.4903895497940178,-0.06674072808066578
0.04894947625676443,-0.002964025337636622
0.21122398923609192,-0.017763941031042285
0.03761757732720311,-0.020666011363908887
0.12363038884424536,-0.06357788757341976
-0.0010529687078888999,-0.03265685818502351
0.007017027806560196,0.037829766052768
-1.0711503801045803,0.011286853093763982
0.0175270822364924,-0.05122302158273495
-1.05973527062444,-0.0029528790570819696
-0.06267569874658394,0.06126781922960123
-1.0479435128698913,0.010691965966418415
-0.0037935478561471336,-0.0020958369057831883
-0.048808688114135364,0.008269388363256303
0.04665309643691502,0.04076372315036214
-0.019303772287689543,0.0019457169597569823
0.28072287223256115,0.06530911759309821
-0.01948271986687837,0.017698679973451092
1.6796925246179755,0.01670397795763856
0.00667768886721252,0.006883891693437283
1.7147530181575452,0.04048102981029533
0.5247268327665876,0.011802523629035777
1.818663818085258,0.013999674426177
0.543655959058617,-0.006080326817565651
1.8253550771470952,0.043506180767383995
0.5442045377948921,0.007312352139937639
1.9410461582636565,-0.021153846153847744
0.5630333095201292,0.0077574549854109165
1.8544164658198021,0.009823182711199863
0.5581927213447975,-0.0015536723163832589
1.8837157691091437,-0.03704280155642392
0.5486228664545229,-0.020252746734569893
1.8476902385158582,0.04549862615160949
0.546610966777828,0.002983997112261827
1.8937318094647708,-0.022493622941947233
0.5780660158707361,-0.007917656373713333
1.830233383170003,0.01455005535347298
0.35016409784165137,0.0008464533604197744
1.8356001358660456,-0.020966484801252072
0.34829656663386205,-0.007829112700561636
1.8768668116401281,-0.06384841971180621
0.345769840675409,0.006137359961033262
0.6640005227118109,0.015137341610686583
0.3774329648351405,0.00973082881487275
1.7519930814152276,-0.09525006282986304
0.59324080950213,-0.018459030541305266
0.07397628995823077,-0.01657407407406697
0.3862351772865694,-0.0013188745603761598
0.1048682984027454,0.009415309292904128
0.4190584932137618,-0.001247248716066518
0.059036184213672745,-0.04085439791064216
0.39890818800749284,-0.016381400132227553
0.043304369423700216,0.03539823008849585
-0.9269330192506784,0.010007468259896068
0.05188698134604144,0.015309476847936043
0.07998611202092858,0.020901114068815785
0.07737515873242551,0.08149861239593803
0.5992182636121315,0.0213423466924203
1.3482894950510549,0.019160037635787663
1.6197434803563142,0.009360816944023354
1.3076364178818678,-0.00033573946617349026
1.6096541985600452,0.008407494145200145
1.5841046974455424,-0.019479429051218355
1.6117583741782142,0.0017417961401797744
1.5138409929222318,-0.010190101044705857
1.6060050717377827,0.008832939212685353
0.48879432593594996,-0.01920581365169849
1.6190377154070195,-0.009973572331381075
0.41329489101914035,0.03969304048690159
1.5972952405305536,0.018291126018432635
1.4957360941317508,-0.015864935946375724
1.6163901830958232,-0.007795937906039052
1.4760427400670082,0.0022413793103444046
1.6002725449525412,-0.004043467273188162
1.5350943841856617,0.03965250301049372
1.6163998071533654,-0.0100113030841259
1.5250178277978008,0.021841648051621032
1.5969915511177024,0.006850432229651204
1.5807469038051511,0.00429115051412543
1.6142087622561316,-0.001851380435537231
1.5884714582596045,-0.02128345694936662
1.609984770785333,-0.007627924230830363
1.575578852702664,0.0003294892915972625
1.6116158410377743,0.005326853885332161
1.6355353892319324,-0.03656126482213129
1.60329910021356,-0.02233325586799839
1.5715153583717807,0.015811965811964424
0.2584261139406353,-0.008462288145666963
1.678892765567452,0.03365586874210824
0.06251545923378611,-0.001414427156999909
1.7658257978602814,0.016849816849815902
0.056637297867903454,-0.0011523503144975633
1.7709682966574822,0.022414345180916673
0.05453429431468267,-0.015670816709126734
1.8481510589699657,0.04047917319135497
0.052727785174917795,0.012623919519458848
1.8728545953319289,-0.0018060049665098443
0.05545833922231779,0.006631139832654176
1.8741464614233803,0.016283452695058154
0.2583404613442394,-0.0038806113160523292
1.808215755224943,-7.417847340507322e-05
0.034250803017852216,0.001154290111580858
1.7977779718455966,0.024258160237391246
0.02968110496927625,0.006773635664873767
1.6534931626520153,-0.04686028825958288
0.23923713179741724,-0.0009543350670421225
1.817254441251543,0.031306990881461605
0.24169152877765904,-0.0062568658356025875
1.878378673543672,0.008915414087829143
0.029277020221899,0.0014418917619918314
1.9279205839575164,0.007814211640984503
0.24621735558201086,0.0034555576886143857
1.9048566983417128,0.041376811594204366
0.23297077130946198,0.001482686053186022
1.7899997585162821,-0.0008350149606899393
0.23936744485090855,0.0208462677300727
2.01477837999826,-0.028066021310674594
1.5852829955151988,-0.006806858319102771
1.9371465097539904,0.006090570364000847
1.5947845314437683,0.00030617051342374246
1.91303403620191,0.008047859839045435
1.5858650506109138,0.008052174322511485
1.9158884512686751,-0.007206443408226182
1.5949173804496575,-0.003643582856474703
1.9683136382893034,0.0051949900370067414
1.6020528635637852,0.01256475772990373
1.912032508034341,-0.013557522123894383
1.6262840863223533,0.0013427480032406347
1.676148126142408,-0.04718843076039603
1.6495258760719467,-0.060527593461725315
1.569735200832815,0.019885507683032877
-0.9367602727528938,0.00989294942783392
1.6032859378586422,0.00480059084195239
0.09086346215885557,-0.0046543363306275065
1.5651194015409127,0.028371922087470525
-0.9228721584108234,0.007344660431866101
1.6301178227194528,0.04074047602029496
0.10546397101379701,0.02119282554804669
1.6278552759360074,0.022457248815331177
0.32026481954880553,0.012494645152077766
1.9769918485408167,-0.008396023643203465
1.3286415456401703,-0.006793126953903994
1.9169320373581122,-0.016053647632593315
1.6198283310328194,-0.010720878496712438
1.8488857892501964,0.020859149111936315
0.5944397266874561,0.012009282074592065
1.8505468243834644,-0.013621956976196836
1.602091613205533,0.005129659835000355
1.8456908422826244,0.003349969234974326
1.6027297170429196,0.00397460018814777
1.8152023504697863,-0.032570182611061815
1.61815874156392,-0.02785260840029169
1.4321408132005407,-0.012889139315399256
0.5699723783881919,0.00183132530120389
1.4084508775912419,0.04894755618979696
0.26440746126764797,0.004882624591112217
1.4429688528971159,-0.0076185293517423425
0.2696978705867663,-0.005505158093779161
1.4516655280252284,0.005346493933784835
0.25251051733184793,-0.004308166261523638
1.4451408217620547,-0.032181086793482305
0.05203754214798404,0.010003148690871821
1.3909367092386287,-0.04177527298344674
0.2688130564298998,0.004292565947241922
1.0954131636961766,0.006616674018530944
0.26772385986494024,0.021968050813057083
1.3206064650126692,-0.011539585159218269
1.6070389137669128,-0.011682515946633498
0.13821440802174179,0.021501403871731384
1.5805251566299854,0.0011111373791341528
1.3772182738915892,0.002748643761299796
1.5763812932109293,0.017758465970810322
1.4744752520407536,0.011757916756833353
1.6760923814217341,0.0005104645227160809
1.483730976929084,0.03479252816198297
1.6672903968908217,0.014424860853431642
1.5225549782150438,-0.0004822929585166502
1.6920492835218202,0.011887888070962527
1.52396006511091,-0.018061491796497964
1.7118282549110662,0.0021463106050336744
1.4367187201304952,-0.0254844144903148
1.6911396584841485,0.005523367225016118
1.3655065273471825,-0.02694330379655796
1.6767391454249032,-0.006031119680733887
0.0878781384582823,0.0313911305249166
1.6618003378427835,0.012767013285814421
1.3321128695490096,-0.014141124111696546
1.685070599343335,0.0012695160248574755
1.2877208295864768,-0.022498907820006186
1.6716130011742614,-0.005093869561349718
0.07210091568752415,-0.016759776536314663
1.6573995434497175,0.009658595479240306
0.05048090796966131,-0.012196969696966486
1.66252874296077,0.00635532230563185
0.06506630205905065,-0.011350563693535265
1.5079885647146836,-0.0375610614795584
0.04456876946247726,0.013730509657899015
1.6335219818467122,-0.0008230640846838
0.04147374769813411,0.030762167125803153
1.3298240433455164,-0.0009839141477704372
0.30159377112372526,0.03689680772086179
1.336151020709993,-0.003092075125974758
1.3197182988430605,0.003937853511847278
1.3389941305443274,0.009373923032740317
1.6438499449224024,-0.0020681785765204186
1.3405369468947834,-0.0027769558190883226
1.6824168654902918,-0.020867576645469454
1.3327621188102443,-0.017301590924652555
1.6538912458680084,0.0035033939128565894
0.2916542473415932,-0.01323949550553949
1.6689372786971193,-0.02327441995781776
0.07678626209085036,-0.00783842948944291
0.6340923595110352,0.0299352148335692
0.07331275557833986,-0.006927639383156103
1.6614297339020074,0.04453763285373791
0.05150602240885217,0.011395671078408665
1.7045887392827221,0.03433238734685551
0.06605227790181598,0.010629502775481692
1.715927122559449,-0.06216957772870679
0.27020219625788233,-0.012808227182425358
1.5955939503079608,-0.00021407164264053424
0.05040014961273876,0.0051850273456932605
1.588132666086827,-0.029976447077295854
0.04823013062256855,-0.01321368004522383
0.5746782921271484,-0.019718931645944515
0.024594558914554757,-0.004200978637069586
0.059797014125489184,-0.011033551002027853
0.02579019336366556,-0.003643423859631678
0.018558458830805414,0.03400121432908865
-0.9901869031086646,0.025597228570742203
0.2711711480093657,-0.01959776864357321
0.2417707752498612,-0.0040580798010855235
0.2947137816627597,0.03099498390356814
0.2425874789691288,0.010480945875924963
1.3383396195066184,0.02265630673153929
1.25349745069438,-0.0012353448476796203
1.6861027379961189,0.04430874103529492
1.5468649152361056,0.04130688448074693
1.7559464797374198,0.0010199224858862266
1.6371675747679937,0.0011429852084259284
1.7260747274044408,-0.03124575465289603
1.638338935508601,-0.00593226030310301
1.6576455440607851,-0.16968167157481362
1.625777818909606,-0.021393505382157563
-1.1438233163235014,0.08925857118729907
1.6017726526588103,0.02908689248895513
-0.038916977800719996,-0.041010931079932034
1.6333391702942885,-0.010889982110912744
-0.09687915295016294,0.007679870654811127
1.6145116110177629,-0.06180905658671032
-0.05373320590075712,-0.036742880064184136
-0.6668838368099944,0.00016867876334436538
-0.13005604976027316,-0.028400099941700563
-0.9586547492811192,-0.009974461523636013
-1.1337135803536562,0.01705811760672238
-0.9665362054081315,0.003528667380513051
-1.1120435726671876,0.05208596713021718
-0.924401091104056,0.002231006135265279
-0.07365833450810283,0.030841945045261054
-0.930256952225351,0.006121609523578986
0.13334189701980365,0.009014609884983926
-0.9299598834338633,-0.014597662450098414
0.19746568275346757,0.028727664818240406
-0.9434288761805879,0.006028065893837198
1.5102958239800441,-0.0057647675376222285
-0.950093382232385,-0.0018921934889131187
0.5200284747591226,-0.012499999999999956
-0.9477225174893815,-0.0058331713007958585
0.5152262558129438,0.031645569620256886
-0.9499517439364595,0.0036671230197520277
1.5667686583847125,0.026313844334387326
-0.9392265974856231,-0.005139572270667636
1.5639982567634305,0.003961109110556027
-0.9742737468728072,0.0029625639644488277
1.5876042967859845,-0.0012195121951223964
-0.9704436800519696,0.012523191094619968
1.5541392394822924,0.006320476908711736
-0.7623208802908493,0.005280034718037729
1.5510044595421357,-0.040539576047391335
-0.442069082971742,-0.019032513877875634
1.462856040308848,-0.03087108532322025
-0.7039603197055506,-0.010313319124960252
0.3970588562622492,-0.028016579674541076
-1.0213897123830158,-0.015099009900990001
0.19302272254413108,0.036721156124139176
-1.0325225610389233,0.004599145513947578
0.31904138667393855,-0.08478062157221633
-1.006653234507442,-0.018012158206787587
-1.0717274170968996,0.0397003745318385
-1.0567054888506966,0.011362188877281465
0.03471934787673751,-0.08693563880883504
-1.0348064470483038,-0.021411118667975737
-1.1039102271890624,0.01692091881465818
-1.0143028190868737,0.00030888825967090305
-1.0349435186740197,0.011294077075610032
-1.6100462186705027,0.03193433004812096
-1.0033888436478604,-0.057374254049445406
-1.5608037704317943,-0.01029873821754601
-1.0882067470350096,0.01917337433299915
-1.5836102079653918,-0.009020131522587405
-1.1045683039509346,-0.05066997959002251
-1.5984999231444217,-0.03343418677379162
-1.2085588765807305,0.016638624041873218
-1.657843286217815,0.0007628367003371661
-1.1884559526469582,0.06426995218830434
-1.6466835333171201,0.007412274937572905
-1.1320894012320515,-0.001382408847416583
-1.6439102221553905,-0.011741070263783127
-1.1223013226653993,0.05269077695102964
-1.6635360147799731,0.025846819969902457
0.15390899529925844,-0.017588559217555644
-1.625561661735105,0.00036030471484438387
-0.6101946698397354,-0.03430101229816773
-1.3344132495162144,-0.013326472858244065
-0.8699934539930827,0.0181062115567876
-1.350257254109156,0.011211931581142753
-0.6384781439312774,0.008594281824370276
-1.3359695667021196,-0.00252694549017507
-0.6181225513351168,-0.007002446637981885
-1.3545371620297966,0.011425912521971338
-0.6241218402946983,0.03152081563296516
-1.1447745218127152,0.004651638296786054
0.44895801780755795,-0.005930318754633013
-1.1087783388551373,0.00529154370611562
-0.5363372094316604,-0.05741983594332578
-1.0907935755231797,-0.013133920437290447
-0.8077657368434434,-0.02048171589310832
-1.0951595848682967,0.0015642228889398702
-0.8809914206678962,-0.015794669299111552
-1.0943198166764705,-0.030160274463618242
-1.1317122716171917,-0.011762560408498324
-1.3269595624999013,-0.0090021119324184
-1.1766478216302616,0.016331426462447007
-1.3476168554915364,0.018114494259303004
-1.0653526179458706,0.002451202905129346
-1.295912997560397,-0.00013082498233885076
-1.0775615871090398,-0.07806556783191454
-1.2917137892078712,-0.023630083215575026
-1.183271775516585,-0.0735756385068762
-1.6448986607039413,-0.03556591889791094
-1.2437713835858408,0.0353090870533348
-1.6829650381616472,-0.005502445531349598
-1.8348580655613607,-0.013723883654240154
-1.6870465720393581,-0.009221483261610097
-1.8208932292676487,0.18722741433021817
-1.6737195388881336,0.10133686823104848
-1.4080310100192457,-0.05912708825330193
-1.34317468488332,-0.02340648928269662
-1.2520348158026289,0.031235474574695665
-1.0888941056363068,0.018618067392159654
-1.1993654684457429,-0.001983232669251045
-1.046812096911874,-0.00164757369030899
-1.2384926098397535,0.013458585493631992
-1.0696093231643042,-0.005363451174544065
-1.2016927461684408,-0.06871657754010707
-1.0764141165462273,-0.036605916055270526
-1.4827287830885334,-0.028710881424059753
-1.3298900825421704,-0.010306504130674576
-1.521275762581274,-0.045127598778204714
-1.3520839279007197,-0.023546685518516686
-1.8970424507168662,0.020431328036322416
-1.6859048680463697,0.021441300957896425
-1.8765208500323776,0.03862877945191623
-1.6668009158969896,0.02063682460062166
-1.8699754423701986,0.03621847921331911
-1.4591744276146654,0.0344827586206895
-1.327946461352221,0.04303297942309503
-1.1182658400239993,0.01174799896720935
-1.213093358422691,-0.020538690208089405
-0.09028282032351273,-0.0017608778869454556
-1.1493270435255574,0.0026671571783316583
-0.08460524950752427,0.007362716024132965
-1.1659824118075452,-0.0009172628875435684
-0.05652570106081979,0.0030961323723475154
-1.141223776627466,0.024697025339698753
-0.04005278472482617,0.07625360522187963
-1.1235120898402151,0.02589373712032983
1.0805551109314335,0.023225199811941266
-0.07376326024877514,-0.005938864628820983
0.9160056014108111,0.002044660907920992
0.01311916572838085,-0.002460024600245858
0.9495072421586127,-0.00655707636930436
0.09078974314113814,0.03100228994187071
0.9863976727614951,9.231266298925789e-05
0.07914732507698577,0.0026482145908082177
0.9900326070479972,0.011122649128879392
0.08548965176251898,-0.006134446621794298
1.0175774697308795,0.001278042768787957
-0.08397784032031114,0.05443634804972142
0.9310786716718396,0.024001094066965045
1.0397937634426215,0.056341463414634196
0.9899136019046089,-0.00026710590749134955
1.093472354142965,0.041637804971907943
0.9690909386060099,0.008460613617135682
0.9695665916806759,-0.003768287276488813
0.9892351051323054,0.00225195390117805
0.9365104215525806,0.0042275457984126685
0.9988547627117931,0.0025158343080351475
1.0145365169845437,0.0012555391432791385
1.6465582354267037,0.010126136438681987
1.0529237564878438,-0.008777753190233772
1.6742468593171729,-0.0015254865212369628
1.0968196089971936,-0.019199285607977234
1.6931011729126393,-0.012222537486086038
1.8380229538878425,0.007814871016691871
1.6485126816645874,0.005059990719667784
1.8273345324318122,-0.011593766468418476
1.6442286075691508,-0.010288880094974306
1.7743575527510547,0.03206641785360653
1.494776784688606,0.02334621706872797
1.7967316572037908,-0.0050922509225092005
1.3308056312844103,-0.007228288002778416
1.7939812841957008,0.03249017135227361
1.518182266054682,0.0028861290886827984
